13204942,1
231907786,1
391546581,1
503945930,1
1362288910,1
tanken,29
markwilliamfirth,193
akbaryu,22
mhaidarh,72
notenociz,20
kn9,1
iteles,178
nelsonic,213
phlipper,3
rulrich,1
john2x,1
patrickoliveras,2
drymonsoon,1
chrrrles,1
mic-kul,2
JoseCage,82
msmichellegar,15
sohilpandya,43
RachBLondon,11
nikhilaravi,36
quiet324,88
Jbarget,27
filipeferreirac,1
joemclo,1
rshev,1
SimonLab,57
heron2014,20
des-des,36
yolt,80
edwardcodes,132
slowrolla,2
fmoliveira,45
grey-hub,1
podviaznikov,1
mswanson,1
findyourmagic,1
pavelleiman,1
vansosnin,1
iameli,1
iagomelanias,12
oemdaro,12
dogrocker,2
Kurosama,2
deadcoder0904,20
v12,2
blainsmith,1
STEVEOO6,1
khahantk,5
goncaloneves,2
rodrigosdo,3
vaiRk,1
TylerK,1
akileez,7
sofer,19
bash,3
mariangibala,4
steffenmllr,1
nodeco,52
va-task,9
matheusjoao,1
carriercomm,5
mk4111,22
kevincobain2000,2
thegsi,10
gamontalvo,5
macalinao,2
jalcine,19
naazy,23
tormod17,16
gabrielperales,51
tunnckoCore,35
st44100,1
carlditzler,3
shouston3,30
jackcarlisle,29
v3rse,1
da-vaibhav,33
hyprstack,19
samgaw,2
JackuB,1
kadiks,1
SebastianBoyd,1
newswim,35
gut4,1
BlackGlory,1
pankajpatel,7
NataliaLKB,19
AnianZ,4
puppetmaster3,1
simonlindsay,1
Jameskmonger,1
cwz8202,2
p1ch-jp,1
ktquez,1
developit,6
rafaeljesus,4
FullStackForger,7
lukem512,2
leekiernan,1
dknecht,1
craig-b,1
japboy,1
michaelmior,1
alxshelepenok,1
amobiz,1
jkingyens,1
shebinleo,2
goodmind,4
asvny,2
bradreeder,5
RipleyLudicrous1979,20
carolrmc,10
mantagen,7
skippednote,2
angusshire,20
irahulsingh,22
robotomize,16
benjaminlees,3
joshpitzalis,6
UgurAldanmaz,11
duycuong87vn,9
ggdaltoso,4
ebastidas,1
AntoineTurmel,1
FGRibreau,4
skibinska,6
MarckK,14
adrianblynch,7
claireinez,4
rjmk,5
rub1e,4
JMurphyWeb,4
coaxial,2
InSuperposition,1
ksiegel,1
jackmac92,6
zugarzeeker,6
dbachrach,1
innyso,1
pywebdesign,1
joropeza,1
marwanhilmi,2
paulstefanday,11
matthewmueller,1
addisonlee,1
moimikey,1
dimiro1,1
pillowsoft,9
alfonsodev,2
uehondor,2
victor-ferrer,1
mattliving,2
jmonterrubio,1
dortegau,1
MarkHerhold,1
philbooth,1
wildlyinaccurate,2
thii,2
YaaL,2
markstos,1
jrub,1
brandonb927,1
lilutanya,4
numo-labs-ci,3
shawnostler,1
pogorelov-ss,1
edgji,1
hamidhomapour,2
lynnaloo,4
bastibense,1
mooreniemi,1
sethdford,2
DuocTran,2
yuhwan,4
zsim0n,1
timothy-r,1
shsteven,1
winglian,1
vrcsix,1
inakiabt,1
poying,1
arindam89,1
xchehub,1
alfonsoperez,2
funkfinger,2
kbariotis,1
drudge,1
hoegertn,1
jboulouloubi,1
allanbian1017,2
jamesleejiacheng,1
alexcasalboni,3
abetomo,1
zambon,1
ZECTBynmo,2
ptadych,1
dmreiland,1
bdronneau,1
AlexanderFillbrunn,1
drjasonharrison,1
boazdejong,1
holyzfy,1
jk21,1
yosriady,2
gbuesing,1
vhadianto,1
MatheusVellone,1
SamuelBolduc,1
ngocketit,2
EnriqueCanals,1
Starefossen,2
kwkhaw,2
jaymell,1
bchociej,1
aaronbruckner,1
4iar,1
mbennett,1
hectorleiva,1
harrisonhjones,1
sjmcgrath,1
dkimura,1
manojlds,1
dhvogel,1
leonhartX,1
jaredreich,2
mauriciominella,1
chadbean,1
skwak,1
slatunje,1
nakamurakengo,1
kayterra,3
plbrault,1
pushred,1
clarkie,4
austinkelleher,1
evan108108,1
hassankhan,1
svnlto,3
jakepruitt,1
scottwrobinson,1
cedric25,1
joelpurra,1
rebolyte,2
hairyhenderson,1
kiramishima,1
Carlangueitor,1
peterabarry,1
zolaemil,1
knakayama,1
imura81gt,1
horike37,1
rodowi,1
chiefy,1
limdauto,2
pwalvarado,5
duaraghav8,2
ychua,1
gfogle,2
extraordinaire,1
evocateur,1
CohereAdmin,1
rowanu,2
orangewise,1
slimfancy,2
jonascheng,2
rschweda,2
czerasz,1
dmbettinger,1
nathanbrock,1
mkjois,1
juhamust,2
boyarskiy,1
usbsnowcrash,1
jruts,10
hanfak,5
adamclerk,1
mrkschan,1
nikolay,1
cloudle,1
arifmahmudrana,1
auser,1
RobStallion,6
CrashyBang,3
BankTP,1
nguerrier,1
samcorcos,1
amanpurohit,1
ShekharReddy4,1
jpwilliams,1
kuashe,2
jdbence,1
sanboxapps,1
simontegg,3
Delta-99,1
jghankins,1
saikun,1
changtimwu,1
jmstout,3
kochizufan,1
sriprasanna,1
pmuens,3
justingreenberg,2
kaiPushOrigin,1
Glavin001,1
bradennapier,1
hiddentao,1
ayoungh,8
daymos,13
phpfour,5
jekrb,1
mostafahussein,5
DanGeffroy,3
ryanpcmcquen,9
mattlub,3
finnhodgkin,1
ZooeyMiller,3
nogainbar,10
YvesMuyaBenda,11
Grenoblois,10
NE-SmallTown,4
barbagrigia,3
Cleop,6
njsfield,5
rug1,4
msachi,7
harrygfox,4
Jwhiles,1
jrans,4
cwonrails,4
katbow,21
Charlotteis,3
mrmrs,1
Conorc1000,12
roryc89,2
onlurking,10
philtrep,1
unitycoder,1
mattbis,2
EyalRonel,1
dwelle,3
RobDesideri,1
magicmark,1
sompylasar,1
zhenyong,1
RootMale,1
electerious,2
tosone,1
ehgoodenough,1
richizo,1
mattheyan,1
sterjakovigor,1
Widcket,2
melkior,1
sdgluck,1
joshrtay,1
jabdul,1
hyzhak,1
vdeturckheim,4
elado,1
eiriklv,17
MaximAbramchuck,1
sergeylukin,1
gflandre,1
vyorkin,5
openwayne,1
wesleytodd,1
normful,3
pyraxo,1
dschinkel,2
fescate,4
jwcastillo,5
Nicolas-Liapis,1
emmattiussi,1
madeleinel,6
joeylouise,7
ivanuy,2
SavageWilliam,4
abualy,1
JakubSvihla,1
Phonbopit,9
def-articl,3
vianneylemasne,3
dwylbot,6
clojj,2
greenyx,1
dusky3,1
patrickbranch,1
xpac27,1
MarkBennett,1
alongalky,1
vhr,1
TakashiOshikawa,1
shanefulmer,1
old101,1
sai2009kishore,1
makerofthings7,1
Awe23123,1
lasharela,1
rnprince,1
amirchev,1
WallyGuzman,1
simomarsili,1
Dippimunch,1
jerryharrison,4
vardo,1
stanso,1
willnode,1
meckin,2
itsrawand199,1
Igor-Yudin,1
robertoseidenberg,1
adamatan,1
deepanss,1
datdoan,1
pmcarlton,1
hao-lee,1
ninaaj,1
odonnellnoel,1
wlkr,1
TheKiteRunning,1
CosmicPuppy,1
MohamedAl-Rifay,1
icryptix,1
johnsliao,1
AlkindiX,1
orangemantis,1
make0x0,1
A-Wamp,1
LXZE,1
sairaamv,1
neizod,1
danieldc,3
thienan,1
nrhint,1
cole-hudson,1
mfournial,1
cnxh,1
liviuchircu,1
kulshekhar,1
matthewsedam,1
monotonee,1
belichuk,1
andzi,1
hheedat,1
padames,1
nakorndev,1
kenpb,1
JREAM,1
daniel-vd,1
podcastinator,1
jamesthomson,1
wajahatkarim3,1
Kuoyhout,1
HenriqueXG,1
aleatory-avers,1
osmanertem,1
BobStein,1
zwelden,1
amitdo,1
NeelShah18,1
MeowMeowMeowMeowMeowMeowMeowMeow,1
maxtor3569,1
bretsko,1
Mister4Eyes,1
QidongXD,1
fvivier-r7,1
szabacsik,1
lswainemoore,1
gcapnias,1
jiyiren,1
palpen,1
coldiceman,1
yoongkang0122,1
siolarah,1
aploium,1
Felegz,1
Radther,1
stusmall,1
Andrej1A,1
JonathanBatten,1
marcizhu,1
vertextao,1
JavaPro2000,1
chrismbarr,1
HknyYtbz,1
Zob1,1
natejfoster,1
jumpbeen,1
tom-r-o,1
tang3w,1
jonasmalacofilho,1
praveenmylavarapu,1
dakshsrivastava,1
Gibgezr,1
Ekid113,1
pranavlathigara,1
KlausVii,1
guichafy,1
mazouri,1
ty-a,1
zyp001a,1
StephenZengCn,1
zhpc,1
TraytonOtto,1
chrismoor,1
Dimercel,1
Payfu,1
fffx,1
pawelswiecki,1
lion19,1
Anemy,1
ymn1k,1
adric,1
navierula,1
JoshuaCrocker,1
hyqer,1
onkea,1
jeasinema,1
s3icc0,1
ShikChen,2
sneakerhax,1
jordanforbes,1
david942j,1
kevinchesser,1
NanoMichael,1
jaxmann,1
twalsh,1
Cololi,1
ji-zhou,1
nacerbo,1
haydarai,1
remiyu,1
mscribellito,1
vendicta,1
MehdiHmidi523,1
avitevet,1
elyisgreat,1
codeanimals,1
patela29,1
Wilou1428,1
apoterenko,1
mohamedkhattab,1
KerryWalker,1
y2bd,1
hycday,1
chrisiaut,1
arb362,1
hross,1
DontLookAtMe,1
camilochs,1
RealSeriousBusiness,1
phelma,1
damnever,1
PeterDing,1
martinmurciego,1
TheRyjo,1
Saferman,1
enemyairship,1
Onurbon,1
heimonsy,1
mccurcio,1
JJPandari,1
SumiMakito,1
oleksandrzelentsov,1
lucianmarin,1
skyspeak,1
moxis,1
chinchang,1
iiiypuk,1
aueda,1
cg505,1
mikeleonard,1
jukov,1
nick-desteffen,1
AlexxNica,1
luowei,1
laol777,1
TMannall,1
eteamin,1
syzer,1
Overtorment,1
ktereyp,1
zhsso,2
kg5,1
nacyot,2
aksbuzz,1
ELChris414,1
olekhy,1
brtknr,1
deeem119,1
kenoma,1
Alexintosh,1
IndigoMann,1
elmasrySoftWare,1
andrejasimovic,1
narwanipulkit,1
KonstantinSmirnov,1
JBLatenight,1
DerekLH,1
lightxu,1
Manato0x2cc,1
Axure,1
edmondcang,1
mangeshsn,1
JKonTiki,1
Smittyvb,1
johnnyzheng99,1
getSekhoned,1
TMuyi,1
catleeball,1
mah0001,1
rilut,1
pablojotaguardiola,1
sorooshafiee,1
Chewsterchew,1
ksaj,1
dbremner,1
isaacimholt,1
jarwalharsh,1
adeelshahid,1
lightblub,1
Dilnoor,1
EhWhoAmI,1
vladignatyev,1
pwaila,1
starbit,1
yangxin9003,1
iamyjx,1
a13ks3y,1
sirIrishman,1
paulborza,1
pheye,1
AdamK117,1
solomkinmv,1
florido,4
alexei-argus,1
Berkmann18,1
Lukas238,1
LinJM,1
davakian,1
webexp,1
Dumbgenius,1
mechatroner,1
pfj3,1
adm1n123,1
EvansThomas,1
Wes64,1
gregbuehler,1
santaniellom,1
pveyes,1
aredo,11
Siva7891,1
Mottie,1
starryanimation,1
mfessenden,1
Jason-Chan,1
DavidMetcalfe,2
rogersachan,1
byxor,1
martinlyra,1
vincent-paing,1
PyuuCH,1
Hunteram,1
danakt,1
mafiya69,1
xanderlewis,1
denisz,1
lyz19890927,1
SwiftsNamesake,1
toddfreese,1
jabbalaci,1
mili-yini,1
KarelWintersky,1
drbothen,1
tones7778,1
SulavKhadka,1
tayhalla,1
Antonito,1
Highstaker,1
Ethiraric,1
eighthdesire,1
Sharknevercries,1
furzeface,1
mmariani,1
violin,1
hazimhanif,1
Glenpl,1
sjerrys,1
Judp0m,1
illogikal,1
studley13,1
sergchernata,1
nurmuhammad,1
jsquirrelz,1
vinidiktov,1
morkvd,1
nnoco,1
freesuraj,1
UnderMybrella,1
DreamAndDead,1
rhamache,1
MehdiRaash,1
rrobinsun,1
AlexeySokolov,1
SbstnErhrdt,1
saatomic,1
widescape,1
CryptArchy,1
MarkTzen,1
LagrangianPoint,1
maskull,1
aetherith,1
astraluser,3
D-H-L,1
aceiii,1
tuxcrafting,1
xunchun,1
Amazong,1
lukeorland,1
vernetit,1
gsolic,1
axeldimaria,1
h2rd,1
hexfaker,1
Code2Life,1
MitchellBerry,1
gellu,1
Laxa,1
riyagayasen,1
vdaubry,1
chriscorwin,1
sravankr96,1
indyfromoz,1
aritraroy,1
vijayee,1
kljensen,1
prudens,1
Sora2455,1
tushariscoolster,1
Prosodic,1
chahatupreti,1
25A0,1
KennardZhang,1
yijiang1121,1
rxng,1
gozutok,1
jucke,1
bennn,1
ShaoyiCheung,1
RobertAudi,1
Felk,1
asier-paz,1
IUdalov,1
jonny2k9,1
iver56,1
ktkization,2
bflew,1
thinkingmedia,1
qiaoshun8888,1
dsoprea,1
shaleh,1
elek,1
axawzh,1
JoshuaMathias,1
Katsutami7moto,1
whatterz,1
S-YOU,1
UnkDevE,1
tomdrever,1
Jim61C,1
shapov,1
samcaulfield,1
Devroman,1
russlamb,1
ghitza94,1
msumner91,1
brydavis,1
sghiassy,1
nex3z,1
ixvu,1
yahtnif,3
danya02,1
victorvoid,2
arturopuente,1
RJFoley,1
izmntuk,1
VagrantAI-c,1
Mr-Dai,1
Xiyng,1
morganpackard,1
mtlaird,1
LucienBrule,1
marzolfb,1
oblique63,1
zacdav,1
hack-r,1
nobe4,1
PortPixel,1
parthi82,2
sourcepirate,2
igauravsehrawat,1
pplam,1
willemdh,1
fjdu,1
arcaartem,1
shantanuo,1
theferrit32,1
pantchox,3
BookOwl,1
whatever1992,1
as-com,1
Maistho,1
alekseyrybalkin,1
avsolatorio,1
qwIvan,1
saptarsi-chowdhury,1
koallen,1
skipor,1
lichangwei,1
giscafer,1
LelesBox,1
yalu,1
kdepp,2
longtian,1
luoyjx,2
nswbmw,1
aietcn,1
DavidCai1993,1
jiyinyiyong,1
leebivip,2
dnault,1
chunlea,1
james9837,1
prods,1
j-hagedorn,1
migdall,1
erikson1970,1
wilcook,1
balta2ar,1
nclvp443,1
superinternet,1
cafe,1
subwoofer359,1
Adriqun,1
miselaytes-anton,1
dipu-bd,1
li-kang,1
rupinderjeet,1
NonlinearFruit,1
brandonpancost,1
sparky005,1
suzhen,1
lemon65,1
halolimat,1
theJollySin,1
montyanderson,1
deepakazad,1
eddiana,1
ProdigyMaster,1
Smartik89,1
org,1
Chalarangelo,1
douglascorrea,3
nucle0tides,1
dylanferguson,1
dbkvn,1
hynoor,1
eerohele,1
Jacob-Zhou,1
Froren,1
Moosedemeanor,1
zardoru,1
spamr,1
WooodHead,1
computingfreak,1
jifill,1
JoseFaeti,1
RaviPrakashYadav,1
imdragonet,1
laysent,2
tomwurzbach,1
ndbroadbent,1
rhagni,1
kite1988,1
zires,1
vktec,1
monopollly,1
koseki,1
qut,1
Salauyou,1
makeshyft-tom-g,1
miskolc,1
cog,1
korniltsev,1
iklyubanov,1
simonhf,1
bongtrop,1
DenisVuyka,1
zty5678,1
zhangleipku,1
callmehuyv,1
whatofit,1
zerilliworks,1
qian-yang,1
iQuick,1
hakimrie,1
bluemix,1
adithya321,1
mdakram,1
pinkApple,1
kwf2030,1
IAmJordanX,1
huanglizhuo,1
tonnie17,2
willkernel,1
jiang111,1
daimajia,1
fgandiya,1
eka,1
elumalai,2
cyxxhmx12,1
erictherobot,1
adstratm,1
notionparallax,1
wpcarro,1
KevinvBre,1
Linusp,1
jtpadilla,1
RyanNutt,1
turner61,1
TraderStf,1
markhealey,1
lcaballero,1
DrevanTonder,1
iknowethyahoo,1
Gaduo,1
Rasive,1
pwk945,1
giuseppebonaccorso,1
oditorium,1
p10karthikcv,1
Jonathan0wh,1
Sydyk-Byte,1
fest,1
dsaw,1
YanhaoYang,1
bjd2385,1
NulledGravity,1
erichuang1994,1
valentjedi,1
mantono,1
agile6v,2
RichardKnop,1
adexandros,1
avikj,1
richshaw,1
JoshuaRLi,1
aleksiy325,1
xnuk,1
n00py,1
ndaidong,1
tarrex,1
UMDHackers,1
nevara,1
v4an,1
smutnyleszek,1
rousse101,1
dylanmaryk,1
niibruce,1
hasit,1
idmn,1
mackwan84,1
Ksenomenon,1
patbeagan1,1
thedustinsmith,1
mnpenner,1
liberize,1
gordonhu,1
jweinst1,1
sheagcraig,1
mrcheng0910,1
Dr-Turner,1
Peilun-Li,1
BafDyce,1
arashbi,1
jarirajari,1
mousetail,1
egorpuzyrev,1
lucasea777,1
lllllllllllllllllllllllllllllllllllllll,1
DharmeshPandav,1
huzhennan,1
craig395,1
marvolo1995,1
hongkongkiwi,1
xinhuang,1
donat-b,1
hidny,1
YenF,1
ryanpoplin,2
nasirovsh,1
jayanthkoushik,1
tedtoy,1
robmoore,1
t-k-,2
ftkurt,1
mohammadg,1
krzysztof-magosa,1
cfilipov,1
powerlanguage,1
kinlane,1
azer,1
guileen,1
huan086,1
lemi667,1
Vadimrozov,1
nitquy94,1
solodon4,1
vhula,2
ggnull35,1
quanglam2807,1
berendeanicolae,1
dlrice,1
LaquerreHugo,1
escherba,1
ddpruitt,1
Malcx,1
caspartse,1
ekremney,1
radi-ratlh,1
theapache64,1
muhammad-maf,1
wildkarma,1
dylanblack,1
andrewschultz,1
syxanash,1
alfateam123,1
raitucarp,1
bitmapdata,1
gzc9047,1
expando,1
snaking,1
lukasondrej,1
rajasankar,1
sunkehappy,1
yesvods,1
arturmkrtchyan,1
wuyazi,1
antonsekatski,1
pguilford,1
duhaime,1
ricardolpd,1
alicanbatur,1
tensaix2j,1
yaodong,1
Kroid,1
melamri,1
ersin-demirtas,1
goldsborough,1
jeremykohn,1
inerg,1
tuttleb,1
Falieson,1
Jolg42,3
bradstewart,2
toryburgett,1
aamorozov,1
ritz078,1
abhimanyu1289,1
sjimenez77,1
VimalRaj571,1
MouhamedAymen,1
ivannieto,2
kaosat-dev,4
smecnarowski,1
thakkaryash94,3
dhigginbotham,1
sandeepl337,2
samyk,2
mrprompt,4
davidenq,3
LasaleFamine,9
SathishGajendran,2
amilajack,1
cameronroe,5
dietrich-stein,2
esdee-git,3
dpaez,2
carloscasalar,14
katkelemen,9
liyi1234,2
upa8,2
Ectsang,1
rquast,1
vitorbritto,1
chieakiba,9
pkaske,2
neostoic,1
pkunico,1
vmysla,1
Fatxx,1
jinjorge,2
chanced,1
Jaraxal,4
Neats29,14
cuongvo,1
kwcto,2
hellboy81,3
gregaubs,3
krosti,2
intool,9
capaj,7
goliatone,2
devreq,1
nickdos,1
v-a-kernel,11
sophielevens,2
dri-richard,1
ivanmauricio,1
c-ollington,1
eleanordeans,1
ClaudiaBristolHub,1
sarahcf,1
catherinebevin,1
cadraper2,1
bfncs,1
dankkomcg,1
kfern,5
elvomka,1
jbenner-radham,3
leopaglia,4
liweiz,1
Sufflavus,3
matjack1,1
raonav,3
gregtandiono,2
gusgard,11
pcalves,2
cyio,1
izaakrogan,11
vattytrivedi,8
danielsef,3
otajor,8
perborgen,12
xycloud,2
ronenhamias,2
Y-LyN-10,9
denji,7
justinyanme,1
cbebry,2
nrotta,2
j0shua,6
tchap,1
medhat93,1
tomsteele,1
mauriau,1
anaibol,2
gerzhan,2
Geril,2
marcoroganovic,13
milescui,1
yansenarmandau,2
mrtavat,1
Fenicio,3
ryekerjh,1
adamkelsall,1
mhn4work,2
DyncMing,2
j4jinx,1
Talento90,5
MarcoCFA,6
DavidHavl,1
anupvarghese,1
Nico87LBS,1
nihaoit,1
JonatanSalas,5
leftjs,2
geilsonrm,1
leosilvadev,1
elqsar,1
kleicht,1
mingliao,2
talesbaz,1
Sparklet73,2
sent1nel,1
moacirosa,1
hailwood,1
simalexan,1
kaoussi,10
mkaag,1
Mathiasduc,1
Rulox,1
siagung,1
anhdt1987vn,1
pstanislav,1
mattc41190,1
iraniamir,3
alycd,1
dennyd,2
ahmedNY,1
epappas,1
mjurincic,2
looveu,1
neomaxzero,1
stivenson,2
alexisbg,1
robman87,3
Carsten-R,2
amirarsalan,1
tdeekens,1
noveogroup-amorgunov,2
Netrics,1
PizzaBrandon,1
klauskohut,2
browniefed,3
mcstover,1
cgiacomi,2
kreig303,2
stewartcelani,1
bockscar,3
edwinallenz,1
jasonfill,1
codematix,2
cvharris,1
nicklaw5,1
uilyam,2
emjliano,1
sibizulu,1
LouisLoode,2
jppellerin,1
huangyulin2015,1
ncarroll,2
LabiKyo,1
balajmarius,1
twrobel3,1
VitoVan,1
jareddellitt,1
tas12,1
omarslvd,1
DenQ,2
alexismenest,1
khelle,2
piccoloaiutante,2
nerdstep,1
rxb,1
karev,1
ysvganesh,1
Nibelino,1
tomoat,2
bonecrusher,1
slaawwa,1
ZZR-china,3
rbaumier,2
telember,1
alockwood05,1
santiq,1
zacharyclaysmith,2
andyzaharia,1
rynmsh,2
nicodinh,4
Nonemoticoner,1
gitadept,1
kizdolf,1
msaron,3
fredguile,2
freitasjuciel,2
sboisson,1
erkidhoxholli,1
rstuven,1
mitchellporter,14
DevinClark,1
fabiodamasceno,1
pyykkis,1
jameskolce,7
busseyl,1
connor11528,11
chrisvfritz,1
igoreliasm,1
codefo,1
jeltok,2
eosimosu,3
codemouse,1
elmasse,1
corsoa,1
jhawlwut,2
sbefort,1
benedyktdryl,3
corpz,1
erehmi,1
Decad,1
lucasviola,5
tothjay,1
marcogbarcellos,2
geronimo-iia,1
caboosesw,1
bencooling,3
notrab,1
andrespi,1
aalimovs,1
occultskyrong,1
clivend,1
justrdk,1
jasonjustice73,3
joe11051105,2
kamronbatman,1
chasevida,1
hhff,1
jkuri,1
Glogo,1
chow-xiang,1
aquinault,1
guido4000,2
mainiak,1
ksibod,2
NexZhu,10
cundy,1
bitbay,2
n-thongjor,1
traducer,3
desfero,1
adam-beck,2
jabedhasan21,3
twelch,1
millette,3
unholyknight,1
jhernandezme,1
antony,1
felixheck,1
pygeek,1
g3org3,1
awendland,1
tjwebb,1
sean-hill,1
kkochanski,3
epmiller8464,1
naivefun,1
rkasula,2
ryanramage,1
mcollina,1
spearwolf,1
davorbadrov,2
parkerproject,3
leonardolessa,1
joseluisq,12
garfbargle,2
tsm91,4
piyushchauhan2011,2
45kb,1
BurntCaramel,2
ChrisEbner,1
bitcloud,1
loele,1
MaySnow,2
grajib23,5
divramod,5
aayushkapoor206,2
dvrylc,3
kkemple,1
ganeshan,3
ec11,1
jorandradefig,3
floatingman,1
marciomansur,3
yuryb,1
streamer45,1
marcel-tr,1
sagic,1
framerate,2
HelloYie,1
Mahdiye,1
sebastianvera,1
briandela,1
MasahiroHarada,1
robmcguinness,4
shatgupt,2
cvillerm,1
seamusleahy,1
livelifelively,4
savinash47,3
iamlacroix,1
brunosaantos,1
johntran,1
sunzhxjs,1
tu6619,3
frankleng,1
anrid,1
lucasbastianik,2
mokhann,1
nygardk,1
Neener54,1
MacTheZazou,1
hristaki,1
idanwe,1
francisykl,1
mistyharsh,4
futurist,7
rclayton-the-terrible,2
askerb,1
StarpTech,1
danistefanovic,1
kevinold,8
scootcho,3
lbdremy,1
waywaaard,2
ccnokes,4
andRyanMiller,1
JustinBeaudry,2
d3viant0ne,7
salzhrani,1
pukhalski,1
mamal72,2
jdsingh,1
export-mike,2
Eric013,1
honggui,3
HanSeungHo,1
Nargonath,1
indatawetrust,2
kristiankeane,1
spikehardin,1
amgohan,1
marcioadr88,4
dlong500,1
ambrons,1
ms88privat,1
wouldgo,1
kdstew,1
wootsaejao,6
fouadkada,3
sainttail,5
AdrieanKhisbe,7
wangyun122,1
lokenx,4
darrencrossley,1
david-cahill,1
pontusab,2
rtorino,1
schettino,4
rongzhou,1
janbirsa,1
Itsykumo,1
fiws,1
gantoday,1
valtlfelipe,3
ask007learning,1
wstam88,1
webmasterkai,1
zjrosen1,1
fknop,1
asajm,1
s-robertson,1
toboid,2
jdarling,1
shawn9273,1
ugurcanekimci,4
bmcmahen,3
iyn,6
jcarloslopez,1
jbpionnier,3
jesusprubio,2
pruett,2
chrismark,1
ballerabdude,1
GlennGeenen,1
bdbergeron,1
kritollm,1
Binarytales,1
nathanmarks,1
Gouthamve,1
luissquall,2
njl07,1
Faizranas,1
louisbl,1
rainabba,1
fampinheiro,1
neurotech,3
AndrewKeig,2
jfresco,1
gilly3,1
zebapy,3
listepo,1
jamesdixon,3
frankgaldrinks,1
smallhaxe,1
sam-splat,4
dherault,2
moklick,3
besarthoxhaj,8
mmadden,1
devinivy,2
jlouazel,1
devfacet,2
yoshuawuyts,2
mariocasciaro,1
alanshaw,3
walling,1
rationalthug,1
lean,1
PauloLuan,2
jbyck,1
zachguo,4
FennNaten,1
elf-pavlik,4
Alterprop,1
NicolasSiver,1
dvic,1
gitawego,3
brucealex,3
harriha,3
sitamet,2
Jonoh89,1
RickDT,2
eventhough,2
timoweiss,1
robby,1
poeticninja,7
diegodfsd,2
rob-balfre,1
JoshMock,1
primitive-type,1
Burka-HWP,1
bs1180,3
aledbf,1
cdnsteve,2
xiaoF,3
MassimoCappellano,3
dsahin,1
mayoralito,2
prKassad,2
ignaciogiri,1
amilner42,1
artemdemo,1
alexdrans,5
groundc,1
vincent925,1
theevenprime2,3
OscarYuen,1
phoenixbox,1
djgable47,1
pierreco,1
Traviskn,2
eddie,1
rossanthony,1
Harekam,1
antoinemetifeu,2
teryaew,1
danihodovic,1
andyt10,1
TangMonk,1
robbenmu,3
calmdev,1
cristobal151,1
sabind,1
murilolobato,1
Gusbenz,4
colthreepv,1
p-meier,1
ilmsg,4
fadec,2
kandros,3
sora4,1
Shivang44,3
Vispercept,1
soccio,1
nathanbatson,1
mauriciovieira,1
viniciusvollrath,3
pavelsevcik,3
nikitasfrs,2
negativefix,1
Kuchiriel,5
jhare,1
blacktea,1
cardotrejos,6
tonnamb,2
forgot,1
lanceharper,1
tompiarulli,3
fazlerabby07,2
afucher,1
srkgupta,1
bdavidxyz,1
arjendk,1
oliverturner,2
nimerix,1
hlobit,1
tomjnsn,1
latrokles,1
kevinnguy,2
idoo,1
millerbryan,1
bang-equal,1
arete,1
raunaqss,1
doodlemoonch,1
chenkaiC4,1
citelao,1
briangershon,2
axpro,4
nicon-dev,1
beeant,1
hayneshimself,3
KamuelaFranco,1
rainbow494,1
xxryan1234,3
taturou,1
damusix,1
toddmorey,1
ahmedshabib,1
zbkkhan,1
jinMaoHuiHui,1
StevenTTuD,1
igor-chepurnoi,1
Matthew-Odette,1
TheDolo,1
osmankincal,2
xgenvn,2
eoooxy,1
dima1034,1
manolaz,1
ducngtuan,2
jbreiding,1
karimsallam,3
diego-betto,1
josheche,1
acarnage,1
warka0,1
jsczdcc,1
tancrackers,1
saschb2b,1
jithu121212,1
anthonychung14,1
VoloshynDmytro,1
emilyb7,6
AriaMoKr,1
esraajb,1
emersonjsouza,1
bsandusky,1
egeorgiades,1
plmthao,1
jdiegogonzales,2
RhodesPeter,2
ifvictr,6
he110world,2
abdelrahman-waziry,1
gilberto-bueno,1
rahulmonotype,1
exinguu,1
Robo-romeski,2
crash21,1
dinusuresh,1
davyrolink,1
riadjj,1
dhamaniasad,5
suhair,1
vanshady,1
yurm04,3
samdengler,1
nikkanetiya,1
pigiuz,4
sh4ka,1
onnayokheng,1
8enmann,1
hebertreis,2
andrewbrooke,1
svenhornberg,2
LiJiakai,2
olifante,1
yaweichen,1
johnnyeric,2
sudharsan1988,1
wesleybliss,2
raizeta,1
jladuval,1
uartr,1
kingdaa,2
takefivess,1
agileup,2
cccvvv2012,1
grishanin,1
aikssen,1
jaideepYes,1
developer-rakeshpaul,3
camerow,2
fanly,1
qodeninja,1
qvist,1
ethanrubio,9
chimit,1
gieart87,1
kritop,1
simonjie,1
msuzoagu,1
c10h22,2
xiaomingplus,1
ivernaloo,9
Gordeev1,1
solomonope,1
samhavens,2
krazychen,1
n1arash,2
casualuser,1
Kabishou,4
kvreem,1
IzumiSy,1
danger89,1
pdiaz,1
Gurylev,1
wallaceyuan,1
manjunathd,2
KamalHunzai,1
appurist,2
casoetan,4
rkimaoui,1
qntnhu,1
guidsen,1
snadn,1
LC2010,1
jenlouie,2
dkepov,1
sebbel,1
Geek4IT,1
kzima,1
staticmukesh,1
stefanr0sca,1
MikeSoft,1
hmhao,1
diaswrd,1
sign0,1
vanchelo,1
vko-online,1
Joiningss,1
rodrigopivi,1
lwzjf,1
cnpdev,1
manoelt,1
oktapodi,1
TRomesh,1
igorgudymenko,1
catataw,2
n0roo,2
Dindaleon,2
ericxu131,1
philiplopez,4
arsenichev,1
5haman,1
mugli,7
harish211,1
brunojm,1
shanewwarren,3
0x7b1,1
UnknownHero,2
dcflow,1
Joshua-Ronan-Phillips,4
brunoksato,2
cyberiaa,1
adrianha,1
zushenyan,1
atyenoria,1
mamantoha,1
satnami,4
gopalindians,2
traxo-xx,1
isitannarli,1
hugoeanogueira,2
meticulo3366,2
coyninja,1
smalltide,2
hardware,2
esteoh,1
Matrixbirds,1
tebanep,2
nikolenkoanton92,3
matthijsdewit,1
devcosta,1
Jasonspd,2
nirgendswo,1
laragiannis,1
cagarweyne,2
minaorangina,2
tsop14,5
mmartinez,1
dinhduongrestaff,1
JeffryGonzalez,1
henryqrm,1
wedranb,1
lleitep3,1
patrickmichalina,1
Saluki,1
ryancarroll,1
amitevski,1
jeff3yan,1
distres117,1
justinkinnek,1
tobbbe,1
Marthunder,1
sgannu,1
masa4u,1
RichardWright,1
MeirionHughes,1
theodesp,1
mcastagnasso,1
ethanx94,1
namuit,2
egorsmkv,1
sungmen999,1
zoltan-nz,1
reptilbud,1
albatrocity,1
lenogen,1
armand1m,1
smahi,1
florent1933,1
yshterev,1
cmoore4,1
stenbock,1
petronetto,1
xudongcamsys,2
shellthor,1
rujmah,1
nddeluca,1
rbonillajr,1
suli0331,1
denqxotl,1
ZandorZ,1
dcominottim,1
jstaelens,1
huttarichard,1
some-say,1
RKalkani,1
uzumaxy,2
kolten,1
adrieltiti,1
borestad,1
cameronmoreau,1
lsimkins,1
reecube,1
dwkerwin,1
michael4reynolds,2
jschr,2
alaingalvan,1
saldoukhov,1
ahelmel,1
alvarowolfx,2
hzlmn,9
BrianDGLS,1
duncanhunter,1
LukePammant,1
jameslk,1
alanleite,1
epubreader,1
raymelon,3
ShashankaNataraj,1
jonatassalgado,1
nrgapple,2
picospuch,2
chapov,1
0bserver07,1
akulkarni,1
RAJESHW,6
henningwerner,1
Strubbl,1
PatrickHuetter,1
dennisoderwald,1
JayFliz,5
JoeTanner,1
jubbon,1
maoabc1818,3
bramantyoa,1
harshcrop,1
marcosflorencio,1
samatt,1
Spockuto,1
twstokes,1
unseen1980,1
geekodour,2
narkhedegs,1
Naramsim,2
zarnasharma,1
BobaFett1,1
vuthaihoc,1
Srijancse,2
nevosial,2
Kirushanr,1
BusesCanFly,1
Lukeskins,1
cmhedrick,1
Isaacxpreston,1
huydalton,1
KayvanMazaheri,1
snehesht,1
tomscholz,1
TdevM,3
ManrajGrover,3
sagitzadik,1
R-K-H,1
andyfen,3
JediKoder,1
kietnguyen,1
juliangarnier,1
Alphanor,1
mu373,1
artemkovalyov,1
ManuelEPayano,1
Cyberdr8gon,1
igoroctaviano,1
valoraccoon,1
Sir-hennihau,1
sthobis,1
eljobe,1
callmesusheel,1
duscheln,1
iamsainikhil,1
Tibbs,1
tchua93,1
puripant,1
yuri8p,1
xocialize,1
thecoducer,1
sueck94,1
jessevdp,1
Xixiao007,1
timuckun,1
JohanCHM,1
vostokbike,1
stronk,1
faizmh,1
gunchungpyo,1
maaljam,1
slgphantom,1
hpduong,1
sandeepkv93,1
minhbk,1
XcoderG,2
Rodrigo-Ludgero,1
ctxhou,1
sergimiral,2
MarcoAASilva,1
Sinan79,1
hauwenw,1
jesseminn,1
Aravindpk,1
sritampatnaik,1
matteoscurati,1
avimehenwal,1
NawaraGFX,2
mannanali413,1
who-am-i,1
badgeek,1
YujinGaya,1
zkewal,1
aliciasavelly,1
carsonjones,1
wijae,1
cotyembry,1
Kishanjvaghela,2
shaklev,1
guptarohit,1
sente,1
boyvinall,1
labnol,1
TexasBullet26,1
chasereed,1
Chan9390,1
louis9171,1
JY-D,1
ziguifrido,1
j0an,1
tensortalk,1
napsternxg,1
aarohijohal,1
johngodlee,1
mpoozd,1
jenniferkwok,1
whatAboutJohn,1
jylopez,1
giliamverheide,1
guipacheco2,1
ansulsahu07,1
jamyl,1
cadocx,1
ahmetshen-us,1
00ff88,1
Doppp,1
cayasso,1
albertonieto,1
jacksctsai,1
yasminzy,1
CrCs2O4,2
angyvolin,1
matiasgordon,1
ihororlovskyi,1
mix3d,1
jul-k,1
atefhares,1
nirholas,1
fdfrs,1
ViltonBonifacio,1
Jbonez87,1
k-james,1
dmyca,1
andersklenke,1
SofianMourabit,1
nextgenxx,1
albertgrala,1
pachecoder,1
lizgw,1
stradap,1
nkmajeti,1
vilav,2
saurav529,1
willpa,1
tracyghz,1
chrsstrm,1
goatandsheep,1
karinakozarova,3
andrewhansen89,1
aerohub,1
victorsmseo,1
rohit-rk,1
rborn,1
Brutalpsy,1
jdzarate,1
tanzoor,1
bochengyang,1
zenigy,1
AlexGilleran,1
rahulchanglani,1
laithserhan,2
r4ndr4s4,1
sergioelmoreno,1
virajsoni06,1
gifteconomist,1
UlisesGascon,2
bkmeneguello,1
martynhoyer,2
asi7296,1
vabada,1
rudnichenko,1
rhamzeh,2
padurean,1
nickwong680,2
artur-sak13,1
rohanthacker,1
carloslfu,3
Emper,1
FirstMet,1
sikrew,1
sedenardi,1
nikhilmathew,1
channprj,2
LeoTanoue,1
intermundos,1
smuemd,5
kuznetsov0209,1
Woodpecker,1
pyroflies,1
sagarkar10,1
ivanoats,1
01010000101001100,1
ShanmugaGanesh,1
juhokuu,1
karneaud,1
nevalashka,1
samr28,1
gasparrobi,2
Auvenell,1
rousnay,1
jamesjcai,1
bboydflo,3
sgc-code,1
iamuros,1
jordiae,1
koonwah,1
josheverett,1
gopala-kr,2
adam8hospitality,1
jstalavera,1
davidtmiller,1
joshause,1
astenmies,1
parthjdabhi,1
cdrrazan,1
ihatemicah,1
noido,1
hharchani,1
g438,1
Nitinrajyadav,1
Datcood,1
isaul,1
lennardtastic,1
zornfett,1
UnityTutors,1
tommytomatoe,1
aravinthanpnk,1
clive21,1
Theknickerbocker,1
jaimehta,1
pcast01,1
simgooder,1
wind39,1
CristianoRC,1
neelpatel05,2
sahinercanscs,1
KiarashS,1
cadejscroggins,1
rbarato,1
Mortezaipo,1
luciovilla,1
AntAreS24,1
ggu,1
milothemad,1
ffaassen,1
brandonhon,1
yrezgui,1
uber1geek,1
stefanivic,1
jeffreyhanson,1
silverstone1903,1
MarkEdmondson1234,1
m040601,1
Fitzonreee,1
kvbbro,1
tjmahr,1
ramnathv,1
tarvos21,1
TomashKhamlai,1
wheelhot,1
mgor3k,1
tbtommyb,2
SamWCoding,1
richcouzzi,1
LyudmilaP,1
FreddyFernando,1
windycitymoon,1
joelmorrice,2
statonjr,1
vishnu45,2
MerrylArok,1
sconstantinides,1
polyrhythmatic,1
diztinct-tim,1
chenmengyang,1
edinchez,1
ITJoePC,1
brianrc,1
luisuzai,1
dylanmensaert,1
zzeleznick,1
mavnyin88,1
juanpaguerra090,1
vikingchess,1
ricksherm,1
dumpofmemory,1
bawejakunal,1
dennisd1,1
jurnalanas,1
abvrs,1
RamanViarbitski,1
jsroyal,1
m8rge,1
jenniferkahn,2
bhaveshgohel,1
wieblinger1,1
dasonchan,1
jmas,1
Luminger,1
web20opensource,1
jonathandarchy,1
amuganda,1
ThibaultOsmont,1
denistsoi,3
c03rcion,1
daallgeier,1
rsales,1
nurali93,1
samuelhackwill,1
mcarlucci,1
timknight,1
redmile,1
brunomonteiro3,1
shurui91,1
nagnath15,1
lianliu,1
IrakliK,1
wancg,2
erikhm17,1
dr-martin,1
Genert,1
byung-u,1
eebabe,1
soham2008xyz,1
hugoabonizio,1
Menti,1
LearningNerd,1
shafi49,1
rgee258,1
mvanduijker,1
Min11Benja,1
bloodwin,1
ef37,2
ijparking,1
iamkevingreen,1
pushqin,1
josevaisman,1
jk273,1
Esardes,1
AlexanderElias,1
tekclik,1
rad73,1
klhz1,1
rajatkhare619,1
divayprakash,3
Siyanda,1
techstreams,1
finnbuster,2
shkur,1
0x4d0x44,1
Stive-AZ,1
bhch,1
JBader89,1
bencasalino,1
EmmaDeacon,4
felipeasf,1
mathdroid,1
faizilham,1
hason,1
codeb1ooded,1
ewebdev,1
Dennise1993,1
archgirl,1
nvmottamena,1
chiraglss,1
timelf123,2
karolgorecki,2
germnor,1
AlejoJamC,5
masonicGIT,1
grosendy,1
tiborsaas,1
coderaven,1
jaismeensandhu,1
acoyfellow,1
HyperSprite,1
FusedKush,1
sarath49,1
lkorth,1
qkrsogusl3,1
treighton,1
jlengrand,1
ocularrhythm,1
jayuloy,1
mavriel,1
brant-hwang,1
kapena,1
ermaker,1
ivanbanov,1
RyanKim01,1
dimitrisA,1
designmeltdown,1
LeahNelson,1
antekai,1
escalona,1
esd100,1
rafaelmotta,1
ariestiyansyah,1
amolgunjal1993,1
dariaev,1
thoughtpalette,1
roycepope,1
harumburum,1
karb0n13,1
jketcham,2
LandoLabrum,1
zamkevich,1
AustinGreen,1
88ee55,2
FlorianKromer,1
tuananh9801,3
surendharreddy,1
cinegen,1
meal,1
GeekAb,1
fmbyv,1
dhyegofernando,1
acsrujan,1
kunnix,1
jovil,1
SueldoSales,1
meeeable,1
katia-utochkina,2
cneiman,1
nzuzondlovu,1
russll,2
vicentedealencar,1
MluciS,1
pbuzdin,1
8parth,1
KozTv,1
kapziel,1
landestates,1
gisminister,1
alaypanov,1
pareeksourabh,1
vizavi21,2
alinecrsouza,1
Chariyski,1
gruzzilkin,1
saru95,1
manparvesh,1
thinkstylestudio,1
matthewcorreia,1
babakness,1
jelmani,1
mlbaquerizo,1
Faiz7412,1
iamlos,1
leemour,1
MarcosTeles,1
sivartravis,1
akgoze,1
Vladlgk,1
adell04,1
lroman242,1
AgtLucas,5
joewoodcock,1
BryceRogers,1
Metajake,1
dfrankland,1
Aidosmf,1
opusmagnum77,1
kstawiski,1
AlexM45,1
MisterReally,1
mckennapsean,3
kittenlogic,1
azat-io,1
n3k0,1
protomorph,1
JustBo,1
chisNaN,1
alexgarces,1
dyelton,1
ayoub-belarbi,1
bertelledani,1
abraga,1
carmocode,1
brunoziie,1
saviomd,1
thiagoods,1
welksonramos,2
brenopolanski,1
fdaciuk,1
realronchi,1
gustavomeloweb,1
diogomoretti,3
thulioph,1
p0o,2
BraydenGirard,1
JuanCrg90,3
muladamai,1
adrianchinghc,1
Emualli,1
psicorpszone,1
nstevens,1
carolinerusso,1
linth,1
ruvido,1
vancetran,1
Gabriel0402,1
canadacoder,1
richardfrost,1
maggiomaressoftware,1
lucascantor,1
danielleplatt95,1
jeve75,1
atifkhan161,1
bnnsz,1
AdrianoCahete,1
cybersholt,1
rturk,2
sammkj,1
subcom,1
JordanDWhalen,1
drewpark88,1
lufengd3,1
watkajtys,1
wuzhuzhu,1
pdenis,1
lushisang,1
bwanlin,1
davecromberge,1
izumskee,2
AlexFrazer,1
manuelmateus16,1
struCoder,1
Toki-dev,1
dannychua,1
performant-io,1
michele-prandina,1
igregson,1
asyncopatedsoul,1
stanzheng,2
pkt,2
jamiewilson,1
sirscriptalot,2
jamnab,1
danopia,1
gibex,1
athiwatc,1
bensmeets,1
Goloworez,1
gregorynicholas,3
hvtor,1
rcy,1
dzincolorado,1
rodeinator,1
pistell,1
hamzamu,1
arnonate,1
mandado,1
jimbog,1
kodamirmo,2
cutemachine,2
benmgreene,1
kelvinu,1
bitpirate,1
i-Hun,1
SantoshSrinivas79,5
ericpedia,1
akiarostami,1
frabrunelle,1
sachsy,5
92bondstreet,2
muntasirsyed,5
apsaxena24,2
jackhardy1,1
rakeen,7
modestkdr,4
roryrjb,6
hyunchulkwak,2
zarr12steven,1
wolfoo2931,1
terrycafe520,1
LukeAveil,1
TiagoMaiaL,1
ikungolf,1
silver-io,1
leopoldkwok,1
xukeek,3
armangithub,1
beejhuff,5
PetrKohut,9
jonathanwork,1
thebergamo,3
ajmalafif,4
andrew,3
dhakert,1
Samatar26,5
smarthutza,5
OpenTeleShop,1
mbaird,1
piotrl,1
hoop33,1
istiu,1
knownasilya,1
oliversalzburg,1
knockoutMice,1
djordjevlais,1
vainamov,1
karlhorky,3
gabrieleds,1
joekim,1
todaybrian,1
DFurnes,1
shawnbot,1
trabianmatt,1
thibmaek,2
krialix,1
robertocarroll,2
bananaoomarang,1
mdo,1
lucymonie,1
pbywater,1
superhighfives,1
ravshansbox,36
bernardinus,3
tohjustin,3
saratateno,1
fzxt,1
menjaraz,2
eugene-griaznov,1
Veikedo,1
dhensen,1
citypaul,3
FeliciousX,1
oLDu67,1
Qh0stM4N,1
Lzok,1
Andrioden,1
mpolden,1
paalmoest,1
ngthduy90,1
spidersouleater,1
rschmidtz,1
jhermann,1
bobblanchett,1
papucho,4
hellosze,3
ohaiwalt,1
idarlington,1
kentsay,1
leolanchas,1
davidchalifoux,1
erwinchan,1
atstek,2
atralice,3
joshuacolvin,1
philippeluickx,1
piotrkochan,1
dani0l,2
lrlucena,1
cristian-henrique,1
anhldbk,1
sidheshwar06,1
waldemirflj,1
gcaraciolo,1
Peanutbutteer,2
sohaibfarooqi,1
flora5,1
snowcrshd,1
NarasimhaReddyY,1
ivolima,1
Marlysson,1
shenoy,1
zanarou,1
bhuto,1
hooligan,1
iimos,1
mkalb,1
qqldd,1
huxuan,1
lidonghua,1
Anthonyeef,1
sangmingming,1
RodrigoJacznik,3
kaelzhang,1
firede,3
bupyc9,1
elfelrandcor,1
lex111,2
killmenot,1
mrsmartpants,1
gabyc17,1
madduxTim,1
rodrigocprates,1
lpirola,1
ianlet,1
avaloni,1
discort,1
sofiapoh,5
gustaveiffel,1
ba55ie,2
bsbarkur,1
mrinalwadhwa,1
anwar722,1
edymerchk,1
sescobb27,2
rderoldan1,1
ZenCocoon,1
mrphishxxx,4
MrOutis,3
maielo,2
damonmcminn,1
Lucasosf,1
philss,1
jcockhren,1
juanshishido,1
ehabhamdy,1
sfabriece,3
avy-the-one,1
breaker331,1
augustopedro,1
delete,1
FMCalisto,1
cassiobotaro,1
lstaniszewski,1
vansteki,1
tpai,1
RadwaKamal,1
AZaviruha,1
maooson,1
fredsmoo,1
ltoshea,4
andrewMacmurray,9
byan,1
brianwdunlap,3
wttw,1
alephmelo,2
gdumitrescu,2
mlegy,2
fleg,2
mazulo,1
thiagosbraga,1
darlanmendonca,2
melbarch,6
Yiabiten,3
mlequain,1
TheJoin95,1
hasinhayder,4
jiin,1
fdisotto,1
vikkio88,1
Ideneal,1
Wicker25,1
h4t0n,1
jonathansamines,4
nitsnwits,1
Sun-Wukong,2
prio101,2
kkganesan,1
jimmyhsu,1
clydee,1
sobralense,1
kezhuw,1
axd1967,3
shamsher31,4
ngmachado,1
EslaMx7,1
AhmedKamal,1
joaquimserafim,3
rohitkothari,2
karlkori,1
Shokr,3
pablodiazgutierrez,1
gillesdemey,1
wazery,1
petrols,1
NouranMahmoud,5
raphaelcosta,1
mikechau,2
nicmitchell,1
petegarvin1,1
eliascodes,1
zachmanpro,1
minhlong,1
Ebolon,1
rohstar,1
coreylight,1
BabakKia,1
celalo,1
StevenACoffman,1
AaronHarris,1
MaDragon,1
enghwa,1
nataliaking,1
bermannoah,1
zefman,1
stijnwijndaele,1
tetreault,2
romankl1m,1
PauloMigAlmeida,1
why2pac,1
theomarkkuspaul,1
Humoyun,1
gregwhitaker,1
zhenghorse,1
ken1020,1
steveheistand,1
mako34,1
wrtcoder,1
joekr,1
groteworld,2
cagodoy,1
naikrovek,1
bastman,1
debashish2014,1
pkerney,1
niba,1
ericsantos,1
darland,1
ashutoshvct,1
cast,1
lsilvs,1
sahildave,1
pvalentim,1
chetanmelkani,1
TobiahRex,1
sznrbrt,1
jshmrrsn,1
SIMPLYBOYS,2
odyss009,2
BillyDon,1
jeevan-patil,1
danillouz,1
lfreneda,1
himanshuphirke,1
SergioMacGyver,1
sukhmeet2390,1
mfpinheiro,1
checkmatez,1
gwenf,1
tiomno,1
davidlu1001,1
pablogravielseo,1
thomd,1
weezykon,2
kamalkant2,1
antivanov,1
chakrihacker,1
pmaeria,1
dmitrika,1
ilyachenko,2
opensourceportfolio,1
suddi,1
HJewkes,1
archling,1
danielstaleiny,1
hilyin,1
smithjw,1
hughevans,1
michaeldim,1
Rednikov,1
seefeld,1
habibtalib,1
0x4D31,1
mdobson,1
zdne,1
bagshik,1
vbutoma,1
yoihito,1
ehtobsemaj,1
lgs,1
paulmcarrier,1
salvianoo,1
afharvey,1
zulhfreelancer,1
equivalent,1
wicaksana,1
ashfaqrafi,1
tomcardoso,1
takumib,1
AmyJiang,1
grelaxus,1
pierce-h,1
theUncanny,1
rumitparakhiya,1
muhammadghazali,2
hcchappy,1
atse,1
damianesteban,1
benmcp,1
ankkho,1
MattRyder,1
knowlsie,1
pminnieur,2
Brendobrien,1
andykant,1
arungalva,1
antonioortegajr,1
ritesh24,1
AdamZaczek,1
yoyeung,1
prajnak,1
CoolersCoder,1
ashutoshchauhan13,1
DhammaLuke,1
linslin,1
michaelschwinges,1
vdumontier,1
SwathiMystery,2
dustykeyboard,1
tjfamodu,2
ushering,1
Kevancp,1
llun,2
RuslanZavacky,2
glozhkovoy,1
ricardocunha,1
adrianmelic,1
psurma,1
waawal,1
ericontech,1
anuprakash,1
stanleyhlng,1
iryndin,1
edcarr,1
bmlyon,1
thomgre,1
smiles2,1
hkalexling,1
addf,1
cslin0915,1
adaptive,1
Spaceinvaderz,1
lucnap,1
anweshknayak,4
biggerfish,1
rcb-ferreira,1
jamesfiltness,1
phongsakornp,1
engti,1
artegen,1
rchovatiya88,5
igormalyk,1
jamesmorgan,1
fawdg,1
aminelaadhari,1
bashu,1
tfamodu,1
nevraydin,1
ericfrancis,1
ro-savage,1
sky1234,1
absolutarin,1
anmolnagpal,1
btomashvili,1
interisti,1
robinvenneman,1
Mitica,1
sandwi,1
C-Powers,1
collin-mcgrath,1
simple10,1
pisaacs,1
kunalvarma05,1
Rhjulskov,1
anilkulkarni87,1
owendall,1
mixecan,1
flaviodrt,1
cem2ran,1
MihaZelnik,1
dvbowman,1
rorlig,1
clasense4,1
Kampe,1
flyer103,1
morkot,1
kimmobrunfeldt,1
jaredrhine,1
madhuakula,1
tkikkert,1
junos,1
stormsen74,1
xjw0914,1
DaichiUeura,1
jochavez,1
metelsky,1
jigardafda,1
benoittgt,1
cse-tushar,2
zEvg,1
floriannagel,1
develoser,1
kynan,1
g761007,1
deadbits,1
tte,1
artembloom,1
paraskakis,1
sr-ix,1
ManuCutillas,1
deter3,1
eloy-hp,1
amohnacs15,1
dvdoliveira,1
fabriceclementz,1
lielran,1
avidsapp,1
mattppp,1
brunetto,1
enricopesce,1
wfyanmnm,1
smisra,1
quardz,1
worktimepower,1
kirilgorbachov,1
jyothri,1
mtotheikle,1
LamourBt,1
EricCrosson,1
fiunchinho,1
kusachi,1
maoosi,1
michaelluk,1
faysal515,1
sandyleo26,1
Cuneytt,1
SYU15,1
recumbent,1
hungaikev,1
geoffWBM,1
alpha0geek,1
java2kus,1
miguelperez,1
harishbsrinivas,1
srhtcn,1
rodrigoalviani,1
lewisp6,1
kavaskar,1
ivanderbu2,1
wang-steven,1
pulkitsinghal,1
amitsk,1
Plankalkuel,2
Derek-X-Wang,1
nupurkapoor,2
jjperezaguinaga,1
markjkelly,1
windwaterbo,1
chocoluffy,1
gregors,1
yvele,2
mjstahl,1
code-guru,1
ArthurZheng,1
Quizp2p,1
jonasdp,1
lgrosales,1
saqib-cliqz,1
tryprasannan,1
ScottMaclure,1
jmathews,1
hisasann,1
doublenns,1
tuki0918,2
chikamim,1
takuma510,1
ryym,1
azu,2
LibertyDevs,1
Layzie,2
mantoni,1
christophchamp,1
xuatz,1
rnella01,2
reinholdsson,1
PavelPolyakov,1
hltbra,1
dowsanjack,1
ericnishio,1
icecreammatt,1
delgermurun,1
pitzcarraldo,1
Rapol,1
jayzz55,1
murugan-r,1
benstevinson,1
DevanR,1
fmmrtns,1
joshy,1
chrishutchinson,1
herecomesjaycee,2
psbrandt,1
arthurgallo,1
fenjiot,1
xasos,1
albertico,1
wshirey,7
tundrax,1
oytuntez,1
zhuyi5200,1
arcdev1,1
abbi031892,1
Sperryfreak01,1
chandima,1
jarjis,1
bmpvieira,1
adamdiy,2
chrissun-gs,1
HerveNivon,1
mathiasschopmans,2
hanksudo,1
hufeng,1
ur5us,1
manuelmeurer,1
Tailzip,2
mxmzb,1
pari,1
jyenes,1
predbrad,1
merritt911,1
itunali,1
nicolaje,1
ChuyuHsu,1
alessandrousseglioviretta,1
skojin,1
binoculars,1
ArronPJ,1
mozz100,1
dreadjr,1
RichAWarren,1
shahzadns,1
arunshekher,1
lojabasico,1
letusfly85,1
Chan11,2
kirbygit,1
abhisekp,2
flyfj,1
bosblaket,2
chdezmar,1
hbd,1
mkhairi,1
sumanp,2
kgraves,1
dustinryerson,4
guipsamora,1
pito-svk,4
ansyeow,1
pvskand,2
fresh5447,3
danny460,1
Michael-E-Rose,2
geovannyAvelar,1
mjhea0,1
benoitwerner,2
fedsib,1
dehamzah,1
dawsbot,2
The-K-Man,1
ahastudio,1
jerfowler,1
qk168899,1
MarkHarper,1
FilWisher,5
kanglicheng,1
erhemdiputra,1
vavavr00m,1
bgrrtt,3
MiattoRocha,3
akimdi,1
davidandreoletti,1
masonq1media,1
DN6,1
charly-vega,1
systmkor,1
mketiku,1
Leenie,1
praveenkumarsrinivasan,1
aancw,1
hiorws,1
hnq90,3
chenruibin,1
wingy3181,1
himanshu-cliqr,1
cstcyr,1
nercof,1
curious22,2
ired,1
kevingo,1
bingohuang,1
nach-o-man,1
paroczi,1
hsavit1,1
GochoMugo,1
oluoluoxenfree,11
jonasermert,1
amar-sanakal,1
4xposed,1
Meabed,1
schlos,3
vormwald,1
MattL920,1
fabiodr,5
Rahulkr204,1
colt082295,1
vladgolubev,5
yang7551735,1
joehua87,1
RajanMehta,1
a1Gupta,1
MHDMAM,1
vishnuixm,1
shatteringlass,1
pratikpparikh,1
khanhtranhd,1
ehamiter,1
blackcow02,2
nmt1994,1
oussemos,1
sowadalmughni,1
KevinMyDing,1
laituan245,1
guoweihdu,1
jemmanuel,2
thinkspill,1
devdlabs,2
Neil-UWA,1
mgill25,1
starlightyear,3
instanceofvitor,1
srfrog,1
otomeskhy,1
madratman,1
christieewen,2
seamustuohy,1
ramkumar-kr,1
vikaslalwani,1
uniquerockrz,1
anirudhacharya,1
tofuninjah,2
jslnriot,1
zaork,1
Kamprath,1
slattery,1
ozlerhakan,2
sandymoreno,1
goobeck,2
zhoul-HS,2
giokokos,1
stratigos,2
NigelEarle,1
victorperin,1
xmpf,2
leonascimento,2
Jessica7,4
beardfacebo,3
zzhakupov,4
forgivethefool,5
ryuheechul,2
Danwhy,5
hzbadr,1
michael-k,2
JoseMCO,1
pgom,10
alpanayotov,3
truonglvx,2
jsms90,7
collegeimprovements,1
charlenopires,2
florinpatrascu,1
nickbytes,2
absynce,2
z3ugma,1
lfarroco,1
boombador,1
botraunak,2
Akin909,2
PiotrBerebecki,4
bo-bok,4
AlexanderKozhevin,1
hsribei,2
KhaledElAnsari,2
teddy-error,1
FidelisClayton,2
ccmikechen,1
seanohue,1
DDunc,1
kirankn,1
ashish-sjc,1
jgr,1
vahidabdi,1
bruunoromero,1
Jermorin,1
fatso83,2
veggiemonk,1
justgage,2
vamsiampolu,2
jackfranklin,1
apaulacacao,1
3tty0n,1
pakhuong,3
imsheth,1
cbodtorf,1
dikyarga,3
m4v15,2
Rambou,1
ryanedwardrush,1
pinpointpanda,1
miccferr,1
lholznagel,1
mbach04,1
dliv,1
Erkaman,1
frapfi,1
spookyUnknownUser,1
MorleyB,1
YoHoJo,1
rifaavalon,1
nodexo,3
everthis,2
Homa,1
chenfanggm,1
Kbman99,1
arpit1997,1
faizankshaikh,1
analyticalmonk,1
Evgenyoliver,1
YangVincent,1
houssemzaier,1
Harishwar,1
kqlee,1
zapatran,1
elrumordelaluz,1
tung-dang,2
JamesGu14,1
josecolella,3
bourdeau,1
mrbgit,1
bplabombarda,2
Holi60k,2
goransta,1
tarun2502,1
valentinvichnal,2
zack9433,4
ltouro,2
dbhandel,1
dubkrapht,1
ATM-SALEH,1
Remeic,1
samudary,1
edumerckx,1
andrewplan,1
Caesar73,1
R3oLoN,1
sujanstha,1
megataps,1
rferro,2
alieslamifard,1
uggds,1
anya92,1
andela-odaniel,1
anshul9pi,1
IzayaFirst,1
gadflying,1
mattshirtliffe,1
bplus,2
omniscient,1
grynienp,1
rayxia,1
saqing,1
minibugdev,1
oslvbo,2
arttuladhar,2
tk120404,2
ldong,1
leijing7,2
allegewhd,2
jasonszhao,1
ClementDelaunay,1
aryasadeghy,3
tralphy,1
aykuttasil,1
cfirmo33,1
ppamorim,1
berakahlabs,1
amath,1
elmadah,1
abramenal,1
barbietunnie,2
ahemphill,3
zenwalk,1
capturecadet,1
wfoxd,1
mcchrish,2
zetaverse,1
ricsirigu,1
sradvanski,1
amaurycatelan,1
martineboh,1
mhscapim,1
ChrisWphoto,1
rossedman,1
faghani,1
littleboss,1
subins,1
emanuelrosa,1
foranton,1
CNBlackJ,1
volash86,3
ezralalonde,1
yortz,1
thirawutp,1
bamoo456,1
dittodhole,1
sagarparikh,1
dannyppaz,2
tlkh2311,1
JustinLien,1
cse031sust02,1
jwray,1
markhu,1
mustardamus,1
weisuoke,1
rebootd,1
Pygocentrus,1
inshideru,1
xadamy,3
alterx,1
stefholbrook,1
TylerKirkpatrick,1
muhtarudinsiregar,3
zhenghua75,1
styler,1
attomos,1
bcamacho,1
lanskey,3
vaucouleur,1
treyhuffine,1
2201pandey,4
vitortalaia,2
zhulin2609,1
pavl1,1
AlanHassen,1
omidh28,1
zhqy,1
wltgreenwood,1
vsarpe,2
gmanfredi,1
jqwel,1
pmadar,1
ellerbrock,4
jorgevalls23,1
pannz,1
reaneyk,1
andrew310,1
moogalin,2
essxiv,2
robhorrigan,1
ssreekanth,1
AnnekaSillitoe,4
studevguy,1
louy2,1
bnjjj,1
ryanmcintire,1
vitorbaptista,1
7fELF,2
jeffstieler,1
padrisimo,1
michalkowol,1
Fraccaman,1
jkvora,1
AaronSum,1
amtruenorth,2
ToonDC,1
sandrinodimattia,3
Shridhad,1
larsbs,1
vmlinz,3
mrkidsan,2
jrutter,1
jvrdom,1
one-aalam,1
brunowego,1
rafakato,1
IbnSaeed,1
jpalala,1
kujeah,1
eownis,1
jchatkinson,1
AyumiKai,1
sachinsawant71,1
AndreVarandas,1
prashaantt,1
leandrogrillo,1
yapjiaqing,1
ahmed1490,2
5plus5,1
hoanghiep,1
nickleefly,1
jw84,2
pteich,1
JonSchapiro,1
LuisCDias,1
108adams,1
samkelleher,1
ihorskyi,1
TheSuperFly,1
yereby,1
tiret,1
mbury,1
epik000,1
matteodelv,1
jarontai,1
alejandronanez,3
andrewmile,1
tosman,1
yson,3
judewang,1
Sturgelose,1
bjork24,1
august-zou,1
xemoe,1
ParthaBoocha,1
rpun,2
getaclue,1
bulgakovk,1
robsonmafra,1
faberyx,2
alexandre7,2
chrisalcantara,1
nishtacular,1
renzosal,1
tezlopchan,1
tsevdos,1
tanmaypatel,1
sasharlemin,1
nwhitmont,1
agrimsingh,1
tinchoz49,2
fdvj,1
ryeegee,1
imom39a,1
mattshaffer11,1
irijcken,2
tcelestino,1
miknonny,1
BrandonRomano,1
cslysy,1
loiclaudet,1
alexandrupetrescu94,1
gaboesquivel,1
monofrio,1
Gattermeier,1
CClerville,1
ianstalter123,2
alexpertsev,1
ptzagk,1
voveph,1
iwasrobbed,1
yaempioy,1
rchan099,2
markandrewj,1
zayyarphone,1
ibrahim9,1
BrunoAlcides,1
hodorswit,1
adiospace,1
Thomas-P,1
highiq,1
agauniyal,2
ikhsan,1
gafful,1
pirafrank,1
osmelmora,3
remirobert,1
songawee,1
aef-,1
maheshbabu,1
livfwd,2
ArsalanDotMe,1
ghsyeung,1
bemurphy,1
iTonyYo,2
vdt,1
mattii,1
mattcam,1
mattiasewers,1
jythomart,1
MunGell,2
tobkle,2
miquelnez,1
moreta,1
carlos-r-mendoza,1
hzpy,1
Sogl,1
robbiethegeek,1
thefoxjob,2
NoRKin,1
sirakoff,1
funkymonkeymonk,1
trizz,1
josephdburdick,2
miklosme,2
davidchin,1
delvedor,2
mattludwigs,1
meherranjan,1
ConAntonakos,1
mizhac,1
aazlant,1
giulianolatini,1
klapouchy,1
yoamomonstruos,1
omarsmak,1
davidbnk,2
leandroalemao,1
samrocksc,1
mliq,1
djensen47,1
ukrittang,1
DaneEveritt,1
nunks500,1
mollfrey,1
victorkane,1
Ricardo07,1
1hndrxx,1
ilyaa1,1
ishan-marikar,3
adityasaxena,2
iwanjunaid,1
timktchan,1
chibicode,1
cunningryan,1
willklein,1
galenandrew,1
guerreiro,1
cbracco,1
gabrielcorado,2
wivorn,1
aselivanov,1
keberox,2
kaicataldo,1
duncanawerbuck,4
devlim,1
lrobot,1
lfridael,1
amilvasishtha,1
cuongcua90,1
aaronazlant,1
kureikain,2
mikejerome,1
lporras,1
eluciano11,1
Jpadilla1,1
alistairharris,1
jonathansamines-xoom,1
crowl,1
g13n,1
bitNomad,1
rgcr,1
jrmce,2
brezal,3
thebinarypenguin,1
iostat42,1
tielur,1
alfonsomga,1
iwatakeshi,1
eloop,1
bryanleonard,1
torosgo,1
Duelist,1
coolmenu,1
RoneyThomas,1
bravepanda,1
MIJOTHY,3
asimjaved,1
leope,1
georgeyue,1
troyastorino,1
Kevinlearynet,1
cwilgenhoff,2
akashgupta88,2
zackgao,2
stuartweir,1
marcioalthmann,1
dustrider,1
tonylife,1
dcernach,1
dublx,1
DimychOcean,1
daniel-norman-sociomantic,1
ahmedelgabri,1
eabait,4
mnquintana,1
carloscarcamo,3
gyaresu,1
HimanshPal,1
dejandomarcas,1
petrbrzek,2
coolxeo,2
kikoanis,1
callerc1,1
muraliv,1
ammbot,1
voronianski,1
iamMonzurul,1
sh4hin,1
jkotrba,1
aleury,1
byoigres,3
uzysjung,1
thoughtquery,1
geek,1
dunamis1974,1
KrishnaSwathi,4
gingermusketeer,1
growlybear,1
dreamineering,1
fusionstrings,2
morridm,1
DuskyPixel,2
springuper,1
nerdymax,1
seaunseen,1
makst,1
sgrant613,1
Didericis,1
kaustubhhiware,3
mubaidr,1
chenhengjie123,1
mariddew,1
manishmalik,2
shupan123,1
josealmeida,1
lekosfmi,1
mikepenzin,1
noahehall,1
xshua06,1
jancodes,1
emonteco,1
adriancbo,2
pgilad,1
Sean-Lan,1
dylanlott,1
noscripter,1
jwineman,1
khaosdoctor,1
leonardosouza,1
maxnathaniel,1
seanpoulter,1
hperantunes,1
DevinXian,3
swissonid,1
stevenov7,1
yvonne-liu,2
ManadayM,2
bbohen,1
nodox,1
kirkstrobeck,1
mbeauchamp7,1
simplyspoke,1
amitguptagwl,1
sarahsga,1
tokyoincode,2
adamyarger,1
byjord,1
warapitiya,1
BiteBit,2
alexisab,2
coderingo,2
ojassvi,1
bulldog478,1
hazolsky,1
geoyws,2
roppa,1
LBYPatrick,1
josephschmitt,2
nickccm1122,3
tusharkathuria,1
Amri91,1
evisong,1
yhor1e,1
ochanje210,2
zhenyulin,1
denar90,1
mpfeil,2
hfpmartins,1
gustavo-freitas,2
marcoturi,2
lior-a,1
chriskalmar,2
amitrai99,1
madili,1
haoranw,2
rafaelrozon,1
kirnovak,1
phanhoangloc,2
doganozturk,1
b0nez,1
berkandirim,1
cgalvarez,1
DeepakVasalamarri,1
linsang90,1
aether7,1
ashikul,2
santiperez,1
dialex,2
059xiaosongshu,1
siirila,1
lewisje,1
welll,1
haskellcamargo,1
SAudelOG,1
Alex-Swann,1
xianjimli,1
g3k0,1
rafalradomski,1
CYBAI,1
wei0831,1
fernandosg,1
chrisblum,1
jacky-jiang,1
yustnip,1
khwilo,4
codeapps,1
pedrro,3
leoalmig,2
silentzone,1
fullcrimp,1
jiramot,1
jjanssen,1
vieron,1
RichardIvan,1
ggregoire,1
belloli,2
cstipkovic,1
alvin-milton,1
gabrielalmeida,1
dbautistav,1
elamperti,1
jiangplus,1
javy-liu,1
ngub,3
yoshimaa,1
malinkang,1
feit,1
ruanyf,2
llaraujo,1
pauleustice,3
Jivanvl,2
irobayna,1
thoerchen,1
escalant3,1
laudb,2
Ahmed-osama,1
SmoothHacker,1
lala-beaver21,3
JSRound,1
alireza-saberi,1
seanCodes,1
TheOtherZ,1
Thommas2316,1
kurienzach,1
hermaproditus,1
KarolBrzeski,1
bmkmanoj,3
mkelley33,2
ishida83,2
StefanScherer,2
domgom,1
lourenzo,1
alan5281,1
paulvi,1
manojkumarm,2
BRMatt,1
richcasesa,1
larsbutzmann,1
kurokouda,1
kiqs,1
JQiu,1
shinta115,1
fnky,1
umeboshi2,1
shermanwaiwai,1
aeroxmotion,1
roccomuso,1
nwshane,1
ahmetoz,2
alan2207,1
vvasilev-,2
ericzon,1
ezra-obiwale,1
sergeytunnik,1
skparallax,2
DaniArnaout,1
LuCavallin,1
chuckrincon,1
DenisKondrachukYi,1
naratipud,1
elniffi,1
wofi-minh,1
caseycs,1
nusmql,1
nontachaiwebdev,1
Jimmy02020,1
gatspy,1
codeinaire,1
suryast,1
gie3d,1
ThomasG77,1
imccunn,1
Carrie-Oh,1
byhbt,1
luoyaqifei,1
Rebaiahmed,1
DamianReeves,1
Elih96,1
husm,1
nebiros,1
nicelj,1
wxyyxc1992,1
tomaszbakula,1
jpdelatorre,2
Manri98,1
samprity,1
stepankuzmin,1
mkordo,1
singhnitesh,1
curdwithraisins,1
HansonLu,1
CoSNaYe,1
yavorski,1
brayancruces,1
kuzmicheff,1
ffsky128,1
dungvu-qe,1
squarenomad,1
sanae10001,1
taptapdan,1
gerxiu,1
hoaivan,1
martinsotirov,1
dector,2
farant,1
arshdkhn1,2
vinaypuppal,1
jlobos,1
eashish93,1
forrestsun,1
limerentfox,1
barakplasma,2
braden337,1
bodhwani,1
onuradsay,1
ursuleacv,1
ahmedlhanafy,1
SoleNero,1
ar-maged,1
piyushmakhija,1
morozRed,1
afeicool,1
xuyang2,1
mfDK,1
jjmpsp,1
sofly,2
Alwayswithme,1
brinka,1
zymokey,1
MuhamedFathy,1
sjarman91,1
ssethu24,1
ankit-json,1
turakvlad,1
hmontes,1
s-evgheni,1
yongshin,1
zs9912,1
mrwanashraf,1
duhow,1
lastmjs,2
xpolb01,1
MarcoNicolodi,2
krmdrsvgl,1
Sm1t,1
Lodufqa,1
wangxh89,1
thiagotpc,2
roketworks,1
sinchan,1
avmohan,1
dtoopran,1
pavelbely,1
waltcow,1
towry,1
makrandgupta,1
deepakps22,1
rockshappy,1
moh8med,1
TrillCyborg,1
hlucasfranca,1
explicitcall,1
chrillo,1
opklnm102,1
iBluemind,1
d2bit,1
lucasdavila86,1
WeRockStar,2
yusiwen,1
qirt,1
ststeiger,1
felipebernardes,1
RegencySoftware,1
lsimmons2,1
happylinks,1
9andresc,1
sparke16,1
dev1337,1
mybks,1
wldn,1
zokeber,2
rafidude,1
umang736,1
renjithgr,1
rShetty,1
qktechies,1
adamgibbons,1
billgo,1
rsax,1
redgang,1
knutwalker,1
MartinSeeler,1
natp0ng,1
sajdre,1
honestrock,1
Sharez,1
faelperetta,1
cxm170,1
AmrMekkawy,1
nunomazer,1
tvukusic,1
philster,1
bdart,1
iiitmahesh,1
StevenBlack,1
plyr0,1
maks,1
DammianMiller,1
ilhnctn,1
ashishsinghdev,1
andyxning,1
wklken,1
jonsmithers,1
JohanCodinha,1
coin8086,1
jahnestacado,1
KevinTCoughlin,1
mbeaudru,1
labibramadhan,1
ivieira,1
nvma,1
jgautheron,1
piotrkubisa,1
akdetrick,1
solomaquina,1
robin-ambachtsheer,1
lima9,1
mikechi4,1
toddwprice,1
annejohnson,1
imTachu,1
arangas,1
joynal,1
jagan25,1
klingtnet,1
speedornothing,1
robertjanes,1
enchantour,1
bkzhn,1
tmhn,1
ivolivares,1
maael,1
benjaminparnell,1
matthewbordas,1
thomascsd,1
suvajit,1
kodekracker,1
jahongir28,1
jeongsd,1
slinhart,1
mhaagens,1
tlegrand10,1
miclovich,1
regniblod,1
hyleong,1
andreyzenkov,1
mainTao,1
adriandias,1
jim-y,1
doppioslash,2
alexanderko,1
automata,1
lanhuai,1
buenolucas,2
biadq,1
dungnm-vt,1
monczek,1
flunardelli,1
midshipman,1
JoshSpears3,1
esummers,1
piglei,1
liu0013,1
saivarunk,1
baldwmic,4
menduo,1
beresford211,1
feyyazakkus,1
maaaikoool,1
kennylee26,1
mzdr,1
threefoldo,1
DevinHe,1
tomByrer,1
santoshgistto,1
prichodko,1
shingt,1
cyrilschumacher,1
estebanprimost,1
srimajji,1
AnatoliyGatt,1
richardtallent,1
morrxy,1
fbertone,1
nunofmn,1
roquie,1
pero86,1
jgatjens,1
chriskaukis,1
aleksasteam,1
koobitor,1
pacuna,1
Mister-WU,1
sliz1,1
krishnaarava,1
vtokmak,1
fbonetti,1
9Y5,1
lucaslago,1
ichigotake,1
mauran,1
iandesj,2
daniphilia,1
T1T4N,1
donjae,1
paiboon15721,1
shafeen,1
michaelzoidl,1
bfarayev,1
Stukongeluk,1
antonsteenvoorden,1
f7q,1
markheath,1
gp-fukuhara,1
ice5050,1
longuyen1,1
gordonmzhu,1
benjohnde,1
kinvil,1
wk-j,1
williamhallatt,1
aewens,1
geekydatamonkey,1
v4n,1
alp82,1
Isabek,1
martinnormark,1
germaaan,1
CognitiveBurden,1
ezze,1
willmorgan,1
zaplitny,1
flrngel,1
rcholic,1
ymhuang0808,1
code-for-coffee,1
alex-cory,1
wildcard,4
mmwtsn,1
davemcnally,1
nvignola,1
benjamincanac,1
NotARealTree,1
roceller,1
wordyallen,1
dataoracle,1
purezen,1
ank-it,1
shajiquan,1
duyetdev,1
hjzheng,1
appleboy,1
smilejos,1
roth1002,1
chentsulin,1
mjgil,1
longplay,1
jakedex,2
kevinxh,1
TiagoWinehouse,1
swissspidy,1
lerrua,1
yiskang,1
kalinkrustev,1
laurentkempe,1
hustcer,1
zhaiduo,1
uzmo,1
osharim,1
svlada,1
ibotdotout,1
lufthavn,1
terrytowne,1
KhalilZaidoun,1
vjames19,1
tribou,1
biganth,1
diovanemonteiro,1
camilocosta,1
andrew-starosciak,1
sunny-g,2
codetrash,1
ambauer,1
joshburgess,1
queckezz,1
ahdinosaur,2
du5t,1
fagnercarvalho,1
taoeffect,1
xdimedrolx,1
AymanJitan,1
isomoar,2
fyunli,1
oksas,1
fkuril,1
mrsinguyen,1
ankitpopli1891,1
ometra,1
fibo,2
osiloke,1
fredstrange,1
ccll,1
johnrjj,1
rhalff,1
garmjs,2
ShahriarHD,1
mrteera,1
n370,2
brunoric,1
cristianp6,1
thekemkid,2
equatorlounge,1
tylerbuchea,1
fsenart,1
choirudin2210,1
wangyingang,1
MeBNoah,1
bingfengzhu,1
krizon,1
eriwin,1
belano,1
raunaqrox,2
andrewyang96,1
christianmalek,1
tahmina8765,1
joephon,1
superalsrk,1
brianmcd,1
rojaswilmer,1
lucamartellucci,1
lucastschmidt,1
goofansu,1
jonahaga,1
cf-ssharma,1
akluew,1
EdisonChendi,1
Darkle,1
charliemc,2
mateeyow,1
artlantis,1
Taximan,1
rarkins,1
maumercado,1
leventekk,1
Tchouk,1
ageorgios,1
xiechao06,1
mushkin-v,1
ashlinchak,1
Michael2008S,1
dmtttvn,1
matthewstokeley,1
jbravar,1
lolu,1
likwid,1
timtyrrell,1
natehefner,2
iheanyi,1
gi4nks,1
DragonI,1
fredycc,1
eterna2,1
nbosa,1
paulofreitas,1
yoshidax,1
KennedyTedesco,1
jeyraof,1
outsideris,1
uiureo,1
matthewhochler,1
phongtattuan,1
glena,1
sethvincent,1
ralphtheninja,1
latentflip,1
olizilla,1
dmail,1
gaving,1
dmjio,1
KlausTrainer,1
mattste,1
lorenzomar,1
zhangchiqing,1
kfei,1
utopiaio,1
stackmutt,1
malte-wessel,1
weaktyper,1
kysnm,1
hooblei,1
ruben1,1
lordofthejars,1
aliem,1
bpryer,1
gobhi,1
eljefedelrodeodeljefe,1
johnark88,1
daveshah,1
anniva,1
troy0820,1
eccorley,1
takefujisan,1
spect88,1
Allajah,1
GreenDevil,1
joshblack,1
heymattwei,1
3yatsu,1
LucasDaiki,1
Joel-Costamagna,1
aepyornis,1
Thiago-Lobo,1
tgam-upabuna,1
pastelsky,1
friasdesign,1
basejump,1
gndplayground,1
KonstantinShkut,1
pierr,1
cpavnn,1
oludiro,1
rtkt,1
Tx83,1
paulfoyfuse,1
Corefinder89,1
sdumas,1
amariani,1
jen-v,1
clamstew,1
patreu22,1
mgleon08,1
iduane,1
romandragan,1
homywu,1
PortalDweller,1
akleiner2,1
justinhessdev,1
vignek,1
indefinitelee,1
SoniaParechanian,1
Ccheng26,1
samiullah,1
Btakuski,1
TotooriaHyperion,1
gokusenz,1
textarcana,1
fobos,1
Ayushverma8,2
hayderimran7,1
mygig,1
mister-t,1
Eversilence,1
Geczy,1
sgir,1
ilkemerogul,1
gglnx,1
rrkandala,1
MChorfa,1
emorlin,1
vasanthk,1
daviddahl,1
urbanspr1nter,1
Anderkins,1
ufocoder,1
toomuchdesign,1
artecher,1
kuldeepkeshwar,1
f15gdsy,1
bedeoverend,1
DingDean,2
patrykomiotek,1
therollingtester,1
JulienD,1
HaffASE,1
rapitkan,1
makotot,1
kciter,1
ChangJoo-Park,1
felizalde,1
peeyush-tm,1
crc442,1
batulrizvi,1
ariva,1
gnux123,1
alekzonder,1
MaghnusM,1
akooos,1
stephen-knutter,1
jumasheff,1
roll,2
JonnyPickard,1
napalmdev,1
tkdan235,1
gneutzling,1
josielrocha,1
ariugwu,1
belousovnikolai,1
noahblon,1
revelt,2
angelstoone,1
rustunn,2
geekythoughts,1
j1348,1
znason,1
mhavelant,1
elhachimi,1
patw0929,1
Leop0ld,1
phillipchan2,1
joaomlopes,1
jeanpan,1
alidcastano,1
cloudboy,1
cjoshmartin,1
jakepeyser,1
matthewglover,1
AlexandreBonneau,1
kisglaci,1
idMolotov,1
DanC-UNiDAYS,1
eric-dango,1
jaxxreal,1
iamkether,1
nvkhai,1
dragonfire1119,1
mfpiccolo,1
guiguan,1
tonatiuhromero,1
ehsangazar,1
shbaik82,1
S-Voss,1
pixelondesign,1
xpepermint,2
stevehopkinson,1
alexey-fut,1
Travmatth,1
harsh376,1
dongtong,1
gnagel,1
ncob,1
lpanger,1
bjrbhre,1
reg2005,1
rishipuri,1
heldrida,1
nickrfer,2
denhul,1
bmcminn,1
YvesYiu,1
mehany,1
ragingwind,1
chitacan,1
johnie,1
urre,2
helmutgranda,1
maese,1
zayrus,1
martincarlin87,1
booyaa,1
eigenmannmartin,1
rrarunan,1
kryshenp,1
qingo,2
simonmio,1
mattrybin,1
darrenscerri,1
flyingant,1
TroutZen,1
TrippBlunschi,1
mc-zone,1
nickrealdini,1
justinmc,1
2color,1
mehdiheydari,1
ridhomard,1
sri85,1
KSoto,1
bastiantowers,1
rtelicak,1
chrisalexander55,1
kennetpostigo,1
insin,1
wuworkshop,1
rankun203,1
ladanazita,1
getive,1
a1ip,1
gernotstarke,2
rucka,1
rosterloh,1
chernyshof,1
Nubuck,3
orakle,1
selcux,1
Omeqagear,1
Vayn,1
ablochs,1
dyyce,1
dgross881,1
joffilyfe,2
dannamite,1
s4kibs4mi,1
henryza,1
dailepro,1
jsilio,1
llcawthorne,1
sudo-Markus,1
KeKe-Li,1
Pixler420,1
Heizenburg,1
muminoff,1
desigooner,1
mgocobachi,1
zhangbg,1
barinali,2
intpp,1
OskarKlintrot,1
MarcLoupias,2
gastonambrogi,1
yesseecity,1
gunblues,1
alexeiberkov,1
zouyixiong,1
liaa,1
jstrutz,1
zachfedor,1
colinking,1
KyleKing,2
youngwind,1
bingdian,1
ryrych,1
rjsteinert,1
NorikDavtian,1
milieux,1
zhangxin840,1
willpracht,1
thepian,1
egor-smirnov,1
sbedulin,1
phoenix1796,1
CuriousLearner,3
easiestripes,1
smilingsun,1
miketrebilcock,2
alphastory,1
keepcurrent,3
andrit,1
care4truth,1
BigglesATlarge,1
jasongfr,2
vvscode,1
kamal2222ahmed,1
radiocontrolled,1
katpas,3
heyts,1
CristinaRO,2
kbocz,2
katebee,3
mcky,1
yuittti,1
danbluefoot,1
smarquez1,2
HerX121,1
josie11,1
felipeorlando,1
puiu91,1
hurrendor,1
nitiwatpolo,1
joshpeng,1
m428,1
liveyourheart,1
WoleObayomi,1
mareksuscak,1
andreyberezhnoy,1
andriivarhanov,1
yanivefraim,1
andreystarkov,1
grahamg,1
missfunmi,1
rafayepes,2
t9md,1
bahmutov,1
tlkx,1
rrevanth,1
edshadi,1
jasonbellamy,1
DamianMullins,1
tonydaly,1
SargeKhan,1
remarks,1
SarthakS93,2
drsherlock,1
Thunderbottom,1
tarunbod,1
trmml,1
adhywiranata,1
yreenchan,1
thanley11,1
haruthuc,1
z4o4z,1
Matatama,1
mdhalim,1
tedmothership,2
daniele-salvagni,1
http91,1
vinkris,1
skia92,1
tdeschepper,1
zhanglongtai,1
ajalger,1
chackomathew,2
KierenBP,1
danielruswick,2
zhang-yuan,1
gmartinezramirez,1
rhyw,1
hjgraca,1
sagaragarwal94,2
mathjoy,1
fxrcode,1
Awk34,1
born2discover,1
aferiat,1
al-ramadhan,1
ahmgeek,1
rootty,1
showzyl,1
ChauThan,1
nfeldman,1
bartvanremortele,1
nruth,1
matteomartinelli,1
csyangchsh,1
pierrenel,1
mahmoodmd,1
eniz,1
Xartok,1
vitonzhang,1
itamarhaber,1
vassyz,2
mhattori,1
bmontalvo,1
praveenKajla,1
aakritishroff,1
ConchobarMacNessa,1
hxrrera,1
dublicator,1
nicoFuccella,1
DWangHua,1
jhwheeler,1
liberium,1
pololee,1
briankoey,1
glockjt,1
chourobin,1
ahsansher,2
hades217,1
vnbhattarai,1
manjitkumar,1
mugan86,1
Kaizeras,1
agustif,1
Johnnycus,1
orange727,1
jkd65,1
vitakrya,1
Arraibo,1
dakong,1
Seasons123,1
milangupta511,1
onebree,1
SherryH,1
simpleneutrino,1
acomito,1
she-dev,3
pablodenadai,1
khubo,1
ManuCiao,1
sbalay,1
karland,1
dhavalchaudhary,1
jkao,1
ricardoorellana,2
Jeff-Eu,1
mansisce,1
baojjeu,1
bookcaseballpen,1
bunnyM,1
bapinney,1
eugrdn,1
shiv86,1
coderitual,1
IIaJIeHo,1
vanoode,1
megantaylor,2
nathanebel,1
superboonie,1
bjornlarus,2
deonna,1
perveziqbal,1
thiagoterleski,1
jzntam,1
elkamondo,1
designviacode,1
saravntbe,1
davebro,1
rouzazari,1
rhiokim,1
joeyguo,1
rifler,1
muneef,1
zackharley,1
Seabsaye,1
CoteViande,1
alexleventer,1
favarete,1
felikjunvianto,2
Vinchenso,1
MervynFang,1
mrmons,1
excalliburbd,1
bresson,1
rromanovsky,1
mikestaub,1
bhushanjawle,1
gabemartinez,1
sandeep45,1
areinmeyer,1
chiterojr,1
sekharp,1
dmfrank,1
denzo,1
spacegiant,2
sce,1
g33kidd,1
tariqgm,1
dyygtfx,1
gihrig,1
marcelaraujo,1
xenturi0n,1
micfunk,1
chaks7,1
qawemlilo,1
awesomeaniruddh,1
nguyenhung,1
anhtaiH,1
Dauth,1
h503031807,2
ColdMonkey,1
jlsync,1
andrewmcnamara,1
jintoppy,1
bcooke,1
stateoflux,1
robertchengzy,1
mitchbox,1
kwnccc,2
DanCouper,1
meiwhu,1
oakultra,1
Jerry-Lau,1
augusto-altman,1
haitch,1
samarpanda,1
nfabian13,1
gAdrev,2
jallens,1
ZiedKhe,1
f00bard,1
Jeseeq,1
norbertbilbeny,1
patryknowak,1
erikajon,2
joshmanders,1
Archimidis,1
magoragit,1
olivierandriessen,1
njir,1
jeffreyrhuang,1
bfdill,1
mtakac,1
corzej,1
deciob,1
PriyankGahtori,1
vieks,1
ShiXiaoyYu,1
hidcliff,1
creatifyme,1
OttlikG,1
metainfa,1
themotu,1
followfork,1
idmontie,1
linonetwo,1
delesseps,1
ajmchambers,1
martgnz,1
deepalma,2
mayuelei66,1
margoussian,1
arthow4n,1
dpastoor,1
zce,1
jerry-i,1
reacher-lu,1
mjsisley,2
BetaRabbit,1
summarychm,1
7rulnik,1
felixexter,1
vomchik,1
klikstermkd,1
htaox,1
Alex0007,1
petehouston,1
whitecolor,1
sjonner,1
RickyLin,1
emilong,1
cengizdilber,2
geoffakens,1
Antibioticvz,1
davidebettio,1
bjrmatos,2
jbarson,1
fradovan,1
thomasdegry,1
kyoken74,1
Michal-Miky-Jankovsky,1
dsacramone,1
flywithmemsl,1
searchablue,1
alaneng,1
kristerkari,1
dgdavid,1
LucaDb,1
daviwil,1
Smiter,1
dvalchanov,1
f14c0,1
sammyteahan,1
shuaibiyy,1
polacekpavel,1
joaocunha,2
davidkpiano,1
paulkogel,1
bganicky,1
nhterry,1
arzyu,1
dennishn,1
clinyong,1
shoebmogal,1
MofeLee,2
KevinOfNeu,2
hermanzhu,1
tdillan,1
taiansu,2
yutingzhao1991,1
dolymood,1
lubezhang,1
Folyd,1
horizon0514,1
ingf,1
cuitianze,1
yangfeiloveG,1
sublimino,1
Thinking80s,1
simongfxu,2
nynd,3
geocarvalho,1
nzldeveloper,1
tiagovalverde,1
joymon,2
hugurp,1
analyticalpicasso,1
MuRyes,1
Astro36,1
BasixKOR,1
LeeBergstrand,1
analisboeta,1
aliev,1
ademcaliskan,1
adiggo,1
rtruxal,1
roandbox,1
rkr8,1
vyach-vasiliev,2
arafsheikh,1
daj0ker,1
grvcoelho,2
Playermet,1
zorroblue,2
prodicus,1
pranitbauva1997,1
ankeetmaini,2
kylebuttner,2
DouglasdeMoura,1
lanastasov,1
kelleydv,1
otmjka,1
jeromedecoster,1
yangwao,1
xouabita,1
jinzhou,1
eriteric,1
btzr-io,1
p3k,2
cognitom,2
vrehm,1
spiritlibrary,1
tgirotto,1
countable,1
hilarryxu,1
pajtai,1
zofe,1
GianlucaGuarini,1
zcei,1
lodybo,1
lucker6666,1
lydiahoang,1
jkersch,1
eimfach,1
atmin,1
idkjs,2
ooloth,1
kcparashar,1
jsartisan,1
peterbrinck,1
samnnodim,1
tylernford,1
hrishimittal,1
cbenz,1
three60five,1
ronanyeah,1
enociz,3
jkenlooper,1
BlueT,1
My-kal,1
MichalDulemba,1
mvilrokx,1
estevanmaito,2
jQrgen,1
danielmoi,1
hmedney,1
amorimfilip,2
mattattaque,1
mayela,1
kgashok,1
jer8,3
jalalazimi,1
flyingluscas,1
nubilfi,1
KJWilliamson,1
xbaby123,1
larikraun,1
lufvilla,2
itsandromeda,1
acekyd,1
hosein2398,2
Subomi,1
Niklus,2
JulianoPadilha,1
prith13,1
gixlg,1
santiHerranz,1
KimTrijnh,1
williamolojede,1
Jonalogy,1
ahsankamal,1
Fujihita,1
risx,1
reza-agahi,1
belozerskiy,1
romulets,1
ummahusla,1
gsantiago,1
santospatrick,1
w96k,2
karbon62,1
caiobep,2
pierrerappolt,2
iainkirkpatrick,1
selesdepselesnul,1
juanjaime,1
wittjeff,1
rodridiaz,1
AdhanIsCuber,1
athosbr99,1
AlexGoico,1
pchinjr,1
credo92,1
PeriGK,1
barisdemiray,1
matbrady,1
leogopal,1
deka108,1
icaroseara,1
kaimies,1
jpls93,2
niktekusho,2
mattywong,1
akshatamohanty,1
Flex-Luthor,1
htalat,1
ankitgaurav,1
arphen,1
steveamaza,1
kevinguebert,1
michalbcz,1
leonard9,1
paperlambda,1
Borgaard,1
kieranhall,1
kinsomicrote,1
woleoye,1
vire,1
jeffgodwyll,1
edemkumodzi,1
chaicko,2
Chiamaka,2
dichosov,2
Krbz,1
meche,1
memojja,1
biravino,1
cevherkarakoc,1
gokaygurcan,1
drlinux,1
uCibar,1
izniburak,1
smtaydemir,1
hwclass,1
rthomas29,1
rofrnnds,1
zhangshuwei,1
san00,1
dameg,1
oderdene,1
RonyVidaur,1
MichelML,1
sloansparger,1
kempsterrrr,2
vincentywx,1
fffuture,1
simone-sanfratello,2
Abdelmageed,1
Obooman,1
sanchitkum,1
derek-palmer,1
entrptaher,2
pedromclamas,1
techmexdev,2
mmhand123,1
AK4848,2
imrokas,1
anujshankar,1
f-joshua,1
doxakis,1
sohamkamani,1
hugocarreira,1
aodreman,1
dgowrie,1
znamilya,1
cabbage,1
br0p0p,1
mmccullar,1
kogakure,1
amior,2
davidalves1,3
PREMPRAKASHSINGH,1
ritsute,2
roberthamel,1
luismacena,1
t-rappos,1
xmarianox,1
amit-mb,1
febLey,1
shiiba,1
chetnashah,1
Rusta,1
bmaljai,1
dsi,1
TheAhmadSharif,2
Cube189,1
lrkitto,1
nbicalcarata,1
yhagio,1
CruiseDevice,2
Peripona,2
AntoniosHadji,1
delk0,1
tomhuhges,1
MatthewBenjamin,1
wassiim,1
sawas,1
spallen,1
ChenReuven,1
ceasbz,1
costh,2
up1,1
MichalKlabisz,1
kzap,1
yairodriguez,1
wayneadams,1
v3rron,1
sandropucp,2
peterjenkins,2
julianengel,1
sharavsambuu,1
nobuh,1
iagolaguna,1
HiredBlade,1
psyddhartha,1
mandavkarswap,1
IanDCarroll,1
AlbertoTrindade,1
jcarlallen,1
alfrcr,1
dimohamdy,1
mmdsharifi,2
AlanGabbianelli,1
vuzzlevuzz,1
dushujun,1
shanebarringer,1
cades,1
RPallas92,1
naquiuddin,1
krtierney,1
interglobalmedia,1
BexB1,1
marcellefter,2
etinif,1
sethlopezme,1
chrisbuttery,1
ykhorzon,2
albericagr,1
osnysantos,1
wxyudl,2
louisguitton,1
dominikwilkowski,1
alanbares,1
gup-dwp,1
antoio,1
artitudinale1,2
lucasbento,3
frosit,2
val-samonte,1
brunosilvano,1
raptortech-js,1
raakesh,1
johnrackles,1
forthright48,2
mnucara-vanGoGh,1
PabloDesiderioFlores,1
fuunnx,1
Trskldn,2
PeterChauYEG,2
dodadoa,1
christopherowen78,1
jresendiz27,1
jareyes409,1
hecerinc,1
ybrodsky,1
jojobyte,1
michaelmeuli,1
valterlima,3
Kablex,3
diazweb,1
byr-gdp,3
robi-y,2
elementHTTP,1
webtechalex,1
ArielStrong,1
chris-alexander,2
justin-ch-goh,1
jmsmrgn,1
nhz-io,1
dpkshrma,2
neurosys,1
justinseiter,1
codelero,1
Ebsy,1
choiaa,1
christiansakai,3
leecade,2
lucchmielowski,1
payneal,2
sukawat1580,1
vernonk,1
jphmf,1
kaoskeya,1
fabientownsend,1
abdhass,1
HQarroum,1
Wgil,1
jaicab,1
Cordycepss,1
alexandrejunqueira,1
brunopulis,2
maxparm,1
mauriciojunior,1
IgorVieira,2
willianjusten,3
JackNova,2
rengokantai,1
pixely,1
taichi,1
chunpu,1
hasssan,1
quentunahelper,1
zrei,3
VadimBrodsky,1
syuichi-tsuji,1
halbtuerke,1
alexandref93,1
johncpatterson,1
studiomohawk,1
PavelDemyanenko,1
qinmudi,1
kohlerm,1
yockelle,2
ma3east,3
noyobo,1
ravikp7,1
gadzhimari,1
andreepratama27,1
tiaghoalves,1
vulcangz,2
jaskiratr,1
benhurott,1
Aniket965,1
mbj36,1
davebeach,1
WilliamOnVoyage,1
nathunsmitty,1
hahuutin,1
Respekt1,1
jsun98,1
michelefenu,1
liammcmurray,1
tejasrsuthar,1
jweboy,1
danielfsousa,1
gedeagas,1
MurWade,1
marius92mc,1
ankur-gupta,3
thibaultboursier,1
itzrahulsoni,2
MichaelErmer,1
VictorCoder123,1
ifeature,1
viterbox,1
alexrosenkranz,1
cezarlz,1
Amrithasuresh,1
FreakDev,1
limbobark,2
tkdn,1
nicobevilacqua,1
tuannvm,1
davieghost,1
joejingojack,1
DCLAN,1
ajmas,1
ONS-Tom,1
iSpring,1
dimkirt,1
Unicornelia,1
iblasquez,1
neilharia7,1
dhduc,1
yash-nisar,1
HienNguyen711,1
AleshaOleg,1
psicotropicos,1
exequiel09,1
jonnyhaynes,1
AniMysore74,1
girikuncoro,1
gungunfebrianza,1
andy9775,1
jsantiagoh,1
DaveDH2,1
b0n0n,1
tziporaziegler,2
Santiago-vdk,1
jakubjodelka,1
onegrx,1
Padhh,1
Vitormdias,1
qeesung,1
vohzd,1
Bnic3,1
abhishekjairath,1
Oluwasetemi,1
tool-jx3,1
szhangpitt,1
CyberKronos,1
jordanbrauer,1
anilpai,1
kevinrambaud,1
sergiokopplin,1
joshuapena,1
martiros,1
yuguo,1
pat-s,1
jferrettiboke,1
matteocng,1
sequoiar,1
elevenlee11,1
J2TeaM,1
EvanGoss,1
PUSRISTEK,1
derick-montague,1
fredyrincon,1
ZsIsMe,1
nickfletcher,1
jsuero,1
matthewjberger,1
adamruul,1
tthoraldson,1
takwas,1
diegofaria,1
sourvil,1
oseau,1
aengusbates,1
jbw91,1
Ananasr,1
Eman-Shaaban,1
mooniker,1
coxjc,1
DNguyen17,1
preco21,3
suzujun,1
fernandoguedes,2
aburgd,1
bernardoporto,1
twhite96,1
markoch,1
medmond78,1
Anzumana,1
VincentWen,1
beader,1
jpsc,1
jacenko,1
peterma,1
jiep,1
wojciechAdaszynski,1
huyle333,1
austinjkovach,1
Em01,1
irff,1
Balatzar,1
Algram,1
halvves,1
corysimmons,1
RonanC,1
fprieur,1
soyelmnd,2
georapbox,1
tdtrung17693,1
arslanbilal,1
maboiteaspam,1
rmnblm,1
fafnirical,1
richardhughes,1
gavioto,1
manojjsm,1
onesuper,1
512vincent,1
geraldchecka,1
imyelo,1
Wen777,1
Javascipt,1
robertodr,1
bast,1
JoaoManoel,1
shardool,1
claudioquaglia,2
kyleladd,1
nicholasess,1
sbuys,1
DarkScorpion,2
andrevvalle,1
piecioshka,1
okize,1
VovikeMS,1
ManasaKotra,1
brunodles,1
lnickers2004,1
Salihan04,1
GBGuinan,1
brownman,1
matteocrippa,1
duivvv,2
peterlnguyen,1
HTMLrat,1
ChunHungLiu,1
KevinLaRosa,1
ajduke,1
coalman,1
marg51,1
hegdeashwin,1
trabus,1
Melros,1
aj34,1
joeoravec,1
jagreehal,1
anasnakawa,1
mundizzle,1
xala3pa,1
lnsoso,1
Movsun,1
vinhsu,1
code4aman,1
kinozenc,1
orliesaurus,1
iancrowther,3
antonshevyrin,1
Makeshan,1
theatrekid09,1
LeCoupa,1
shaunstoltz,1
avesus,1
wakingdreamer,1
Cristo-Conklin,1
davidlevy,1
aseals,1
ElijahRenard,1
TechplexEngineer,1
rfox90,2
jackkav,1
jcolemorrison,1
iimplicit,1
rzymek,1
BreezeLife,1
tomsansome,1
applecat,1
thewolf,1
darul75,1
michaelstanton,1
sguignot,1
krishaamer,2
zencephalon,1
electricjesus,1
bobbigmac,1
waitingkuo,2
djkmiles,1
rodcisal,1
acidsound,1
yubozhao,2
Antonhansel,1
balain,1
zixia,1
nautilus28,1
jumpdesk,1
repat,1
leim,1
rorysedgwick,2
aalireza439,1
bobrown101,1
b-rays,1
phcoimbra,1
hellrokr,1
relferreira,1
theWhiteFox,1
MrMojo86,1
btray77,1
mrmayfield,2
emilypriddy,1
michaelwschultz,1
Johntyb,1
kepppu,1
wishun,1
babenzele,1
malvim,1
watbe,1
bbirdiman,1
aukw,1
mburakerman,1
abnayak,1
SundownDEV,1
kuschti,1
addedlovely,1
directionforward,1
mathieumg,1
rupl,1
shuang1026,1
UnchainedSavage,1
frumbert,1
snowcat-Jung,1
chaitanyabd,1
dotgodly,1
paul-brett,1
zischwartz,1
immime,1
VindroidH,1
adriaanmeuris,1
pppglowacki,1
stsievert,1
fnsoxt,1
adamkellett,1
achalv,1
zgp626,1
bluedusk,1
bang88,1
hermo,1
lurker4ld,1
sampotts,1
ethanpil,1
coreequip,1
manufaktor,1
ayumi,1
casper123,1
hemon,1
webtobesocial,1
lechero,1
Lamtin,1
krry,1
ovlb,1
johnkeith,1
cinatic,1
pterolex,1
otheroom,1
matthewcopeland,1
realyze,1
Webling,1
jpescada,1
pbojinov,1
onigetoc,1
Lasha,1
amyatbmh,1
jamiechapman,1
NassiHarel,1
derfel,1
mean4,1
dwsyoyo,1
chsjiang,1
astorfi,1
airycanon,1
andreacivita,1
jacobsteves,1
Atomahawk,1
OrangesHuang,1
eveleker,1
bzsinger,1
BrielleReiff,1
3n16m4,1
kcbroomall,1
ian-bateman,1
JaeYeopHan,1
beanz,1
matthieudou,1
chiamtc,1
Mons1Oerjan,1
ederchristian,1
grisha-chasovskih,1
bambooom,1
RayJune,1
gardncl,1
HustLion,1
TabletopWhale,1
skariuki,1
jhaoheng,1
dcarlon,1
bretonics,1
saraileon,1
irfan-dahir,1
GlaIZier,1
fjrd84,1
atsea,1
borilla,1
samcus,1
joecodecreations,1
giantas,1
qcom,3
ylathouris,1
spences10,2
amandeepmittal,1
Amanskywalker,1
dentemple,1
persa188,1
fdaniele85,1
tejomayonline,1
richardhell,1
xgdgsc,1
pokk,1
yuri-karpovich,1
heathervv,1
dcanoh,1
gigouni,1
antfig,1
Random4405,1
phicdy,1
doesitscript,1
Tiboris,1
trini148,1
ccurtin,1
purplecones,1
LinArcX,1
mokachokokarbon,1
ioulian,1
VaTz88,1
zanetu,1
wmzy,1
thusitha92,1
cuarti,1
marekbruchaty,1
realdah,1
CoorFun,1
rade363,1
endless-qa,1
Fixer-007,1
digaru19,1
flaviocarvalho,1
AbraaoHonorio,1
anjoshigor,1
rajonali,1
finchatticus,1
LiJChang,1
Matonen,1
brz0,1
gitbrent,1
romajs,1
julianamariemorales,1
miukimiu,1
Navneet-Suresh,1
lucianosb,1
KonradIT,1
dennisreimann,1
emmanuelnk,1
lanceruss,1
znss1989,1
maiyaporn,1
SwanMougnoz,1
cehsu,1
kristiyandobrev,1
shbonita,1
zwaardje,1
janryWang,1
metalriders,1
bakinnear,1
MiroslavJelaska,1
daveMad,1
jskyzero,1
swillis93,1
jimen0,1
alexhallam,1
tomlutzenberger,1
dmbelo,1
nandadorea,1
nating,1
luizbills,1
mambax7,1
Shrhawk,1
FezVrasta,1
sonalranjit,1
srajappa,1
carmelosantana,1
iabem97,1
bensearle,1
mellewynia,1
dkebler,1
Ksisky,1
stombre,1
RavilGubaydullin,1
colossus9,1
Neil-G,1
ricardolobo,1
guilhermeec,1
cmwt,1
lualparedes,1
vduddu,1
d33d33,1
ahyanarizky,1
zhang0ZGC,1
erfanz,1
WorksOfLiam,1
xDae,1
SeunMatt,1
thatguywiththatname,1
lhawes,1
agentlogic,1
virajkulkarni14,1
teles,1
toubou91,1
sebinsua,1
codemarq,1
mwyatt,1
ttpro1995,1
mehmeteminkartal,1
leviathan-gt3,1
yageek,1
noojijs,1
rivukhoda,1
webyneter,1
llrs,1
anfederico,1
JohnLockwood,1
daboth,1
wgj,1
Viltaria,2
acoelhosantos,1
bohbra,1
theangi,1
brunoti,1
puttin,1
osioke,1
ranb2002,1
sabgaby,1
giuband,1
ggaaooppeenngg,1
2PacIsAlive,1
zimmermanw84,1
chinclubi,1
dansoah,1
davidmigloz,1
penemue,1
johncorderox,1
baivong,1
luankevinferreira,1
felipexw,1
alexrochas,1
pcarbo,1
maiktheknife,1
sdwolfe32,1
shubh1m,1
PrabhanshuAttri,1
hemangsk,1
jarifibrahim,1
nickedes,1
tapasweni-pathak,1
Kirkhammetz,1
jeremief,1
guicheffer,1
alissonperez,1
enricobacis,1
fartbagxp,1
PaliwalSparsh,1
tonyfast,1
Kunamatata,1
NikhilBhutani,1
nisrulz,1
TakWolf,1
itsrachelfish,1
theodorosploumis,1
zakkor,1
abhishekkumar333,1
ckorakidis,1
nrs87,1
mannynotfound,1
jackhutu,1
piraces,1
gepser,1
czarpino,1
johnpaulada,1
zacatac,1
manojpandey,1
onlinetocode,1
niwox,1
hueitan,1
cvgellhorn,1
Amit-Thawait,1
davidpgero,1
craigcoles,1
jalbertbowden,1
andycroll,1
iamphill,1
gknoy,1
Untweet,1
Neallin,1
Kreozot,1
nickvoronin,1
anatolinicolae,1
mandeepssidhu,1
cagli,1
rootshaw,1
asuna,1
agsdot,1
guillermovs,1
xiaocong,1
gustavohenrique,1
jonjamz,1
gabrielmoreira,1
franzmoro,1
rniice,1
stevedien,2
jamesnsimo,1
Hongbo-Miao,1
zimt28,1
s3rgiosan,1
goblindegook,1
phll2,1
drunkmeerkat,1
JacobBoone,1
dandv,1
drinkbird,1
jeffreypriebe,1
TheSpitefulOctopus,1
chackerian,1
katopz,1
nateGeorge,1
DoctorUp,1
AndreyAntipov,1
flyeven,1
troywarr,1
hedoluna,1
proehlen,1
patrickleet,1
jinpark,1
jiku,1
DannyFeliz,1
shtefcs,1
ColeTownsend,1
zachheine,1
kaiprt,1
getflourish,1
meodai,1
derhansen,1
talwai,1
joshterrill,1
mikepro4,1
inosphe,1
khacluan,1
funnythingz,1
sipims,1
cunneen,1
dionliddell,1
smowden,1
mploftus,1
petrometro,1
user453584,1
Lauricio,1
jhgaylor,1
ConstantineZarzhytskyy,1
ZacharyJacobCollins,1
fpradah,1
angi-,1
tappan-ajmera,1
bcamel,1
jamesharrington,1
macintoshhelper,1
he11yeah,1
sistemaon,1
AerisG222,1
dalkir,1
wsihmh,1
niksrc,1
daorte,1
andrebb,1
coderrick,1
gvsvarun,1
Vultur,1
hari-tw,1
joaovicentesouto,1
pablocarreraest,1
echeong09,1
jaysonc17,1
calpa,1
BartBucknill,1
CoderDennis,1
nplusp,1
itscursedphil,2
maxgerber,2
lydivetteroldan,1
thevangelist,1
jeerbl,1
Web-Dev-Rich,1
gogobebe2,1
Pklong,1
keerthivasan-r,1
codejet,1
yenashi,1
kaushik94,1
Biffyn,1
niwolive,1
Fi3,1
thereisnowinter,1
PeterDee,1
iqbaladan,1
aprilrssmith,1
adasilva,1
saurabhmarpadge,1
FreakishLancer,1
jyk88,1
PopularDemand,1
Shirlazybrat,1
jthomasFR,2
saifdevops,1
faiz121,1
GarySiu,1
devanshdalal,1
hectorsanchezmx,1
mbrien12,1
adrian-tiberius,1
leotm,1
rsp,1
kuznetsovandrey76,1
SuperHaker,1
rkrp,1
pauldariye,1
GSoster,1
DavidBM,1
jatindhankhar,1
Cesarlachapelle,1
cnak,1
pinglinh,1
sunnypatel165,1
calebsylvest,1
gabrielPeart,1
ionphractal,1
jpwiddy,1
1c7,1
marion-lv,1
bpstein,1
thalef,1
dfalbel,1
jmmendivil,1
SZ67,1
deerawan,1
kirillDanshin,1
jaels,1
heatherlauren,1
stevelaskaridis,1
oliveirafabio,1
jhlink,1
cmmartin,1
pscott-au,1
AnnaBlackwell,1
HammyHavoc,1
SaishRedkar,1
pkafei,1
sjnorth,1
jorda0mega,2
lrezende,1
camillacolser,1
noogen,1
varunvairavan,1
rajdeep1008,1
saurabhariyan,1
moun3imy,1
zone-live,1
Shipow,1
vinicius0026,1
Nalinc,1
dochang,1
iamfelipemattos,1
frbk,1
nschlemm,1
jimmynames,1
sericaia,1
johnbrett,1
efidiles,1
Contraculto,1
404pnf,1
kishorIntelligrape,2
mirandapaquet,1
barbeau,1
nelix,1
JJ81,1
fjcero,1
mjalvarez,1
allthetime,1
timruffles,2
xhs,1
feross,1
adamelso,1
nneves,2
chadwk,1
rylexr,1
cbasic7,1
MartinKavik,1
patrl,1
jdwang,1
innov8tor3,2
timkrins,1
m-mahan,1
martylouis,1
neo4reo,1
DavidKk,1
onlyurei,1
ale316,1
jedwards1211,1
weslleyaraujo,1
westonlit,1
ruudhaya,1
pollardld,1
renanoliveira0,1
dolce,1
walez,1
someone12321,1
0x7067,1
brunosimis,1
WagnerMoreira,1
czrm,1
davidsonsns,1
jhonystein,1
battila7,1
vitoravale,1
vertaxe,1
micaelsouza,1
georgelima,1
fecabianchi,1
dilannery,1
raisiqueira,1
samverneck,1
suissa,1
tienthanhjlw,1
grantbdev,1
officialoscp,1
Wardormeur,1
ashah023,1
envs,1
claudgent,1
aimker,1
osmarpixuri,1
ruckert,1
MikeBrooksNH,1
Michael-Antczak,1
arokia,1
Xelif,1
joshuarosato,1
dariusz-wozniak,1
dohjon,1
nicholas-b-carter,1
AbhiPrasad,1
tilakapash,1
mabujo,1
modulexcite,1
mnlagrasta,1
rajathans,1
paynestrike,1
bvivek5,1
Eytyy,1
dangerdak,1
b-nguyen,1
jayrobot,1
janinecodes,1
hiimtaylorjones,1
ghaseminya,1
jd-h,1
UncleBill,1
manujas,1
matheusgarcez,1
crimx,1
nhsz,1
phoinixtz,1
lpan,1
Lefnui,1
andygjenkins,1
quangnd,1
moovendan,1
eloquentbit,1
sideeq,1
b5710546232,1
shahinism,1
j-gilla,1
mcelearr,1
nlhuykhang,1
exromany,1
badenkov,1
ardhyui,1
ludwig,1
jsscclr,1
sancowinx,1
nhducit,1
knowerlittle,1
sreekantht,1
adamhogge-dribble,1
chriskwan,1
senthanal,1
Meyito,1
yodgimel,1
eyaldar,1
benag,1
onesoma,1
tuanpt216,1
Hw597,1
menor,1
awongCM,1
andreaswennberg,1
rjbernaldo,1
martind2000,1
kieranoreilly,1
omarjmh,1
dac2205,1
particle4dev,1
lvjian700,1
abadiu,1
anderson06,1
benjaminma,1
patrickwtl,1
xwlee,1
karademada,1
abjarnason,1
pepedocs,1
aofner,1
danecando,1
virpool,1
JesusMtnez,1
dylansmith,1
paroxyzm,1
aulusdiniz,1
prashishh,1
historypeats,1
h0ward,1
adamchenwei,1
koad,1
Dvorson,1
ameypotnis,1
Yegorov,1
segmentationfaulter,1
scq000,1
michaelpurnell,1
minhajkk,1
kgerst,1
hbakhtiyor,1
pongib,1
rwanyoike,1
johnbellessa,1
ankurkaushal,1
morena,1
lymanlai,1
chaudhryjunaid,1
sballert,1
freew01f,1
max1011,1
RabeaGleissner,1
mcgraw,1
jensonzhao,1
drej2k,1
inkless,1
kyllle,1
karlas,1
you-think-you-are-special,1
dgarzon,1
cicerohen,1
madalozzo,1
sapanbhuta,1
SiroDiaz,1
elxris,1
freak4pc,1
DawnPaladin,1
simoncaley,1
Draccoz,1
rokin,1
dladowitz,1
JonathanZWhite,1
inno-v,1
gtallen1187,1
diazmartin,1
metame,1
arnep,1
patoi,1
agats,1
patmcc,1
KingScooty,1
ChopperLee2011,1
joridos,1
iliyan-trifonov,1
harryworld,1
UrbanLynx,1
jameswragg,1
thongly,1
luiscape,1
mjlescano,1
skyline75489,1
SaiOngole,1
misabitencourt,1
chriskdon,1
hdolinski,1
luduvigo,1
marcacyr,1
simplemotives,1
duttakapil,1
ja-mes,1
ymote,1
narayanpai,1
bitjson,1
ArturT,1
salehkaddoura,1
monrealis,1
rahatm1,1
iwong,1
iliocatallo,1
shawnmclean,1
lamplightdev,1
trungdq88,1
miguelmonrealgonzalez,1
miles990,1
jmiziolek,1
mattiaocchiuto,1
varunFX,1
jordan-acosta,1
kenjiSpecial,1
devzsolt,1
scottarnold,1
Nagogus,1
illyfrancis,1
revdan,1
num3a,1
jxm262,1
UnsupportedCallbackException,1
rafaelrinaldi,1
jclohmann,1
ryanobrooks,1
Carl-Lin,1
giulioroggero,1
ahmetuludag,1
xslim,1
decadecity,1
piotros,1
soliury,1
firemound,1
morrelinko,1
nshahpazov,1
vidimitrov,1
abiru,1
yhsiang,1
masegaloeh,1
renderf0x,1
kogai,1
junaidpaul,1
sazid,1
SametSisartenep,1
firatkucuk,1
GNURub,1
mohebifar,1
stephenparish,1
abhiesa,1
r3nya,1
Sergiop79,1
luciopaiva,1
nikolajevp,1
ayu48,1
Xx-Nova-xX,1
MaffooBristol,1
TylerPachal,1
maiis,1
zhangrichard,1
HashanP,1
JBlackCat,1
raffaele-mori-thomascook,1
rovolution,1
akwangho,1
lobo,1
ChennyBaBy,1
Tushkiz,1
ryanlelek,1
leeroybrun,1
coryarmbrecht,1
luckyincode,1
setegonz,1
orchestration2016,1
rafaelramalho19,1
bastilimbach,1
artbelov,1
lucascaton,1
tenub,1
sfauvart,1
secwang,1
almereyda,1
egladman,1
seripap,1
glennschler,1
maff,1
farrisA27,1
AndersDJohnson,1
gregschoen,1
adamkowalczyk,1
aripatrick,1
stevemccoll,1
7flash,1
leonelb6,1
beechware,1
jackpandas,1
dwyl-dummy,1
blossomica,1
christophermlne,1
gbolli,1
thgrace,1
dmachado48,1
stucoston,1
4xx,1
digitalleft,1
rajatthepagal,1
boney838,1
beatface,1
enatario,1
leonardehrenfried,1
stodeo,1
bryant1410,1
MatiasVerdier,1
DaveyEdwards,1
KyleLawson16,1
ajunior,1
xerosanyam,1
inthecompanyof,1
lbarker,1
omaralbeik,1
pe3,1
jsinge97,1
rohanpai,1
felipe-alarcon,1
benjamminf,1
swdelaney2,1
klick,1
makerparkbklyn,1
RhettTrickett,1
LarsFronius,1
cristinecula,1
lfernandeslucas,1
haneefghanim,1
aarongilmore,1
rnjailamba,1
zlovering,1
jonaseltes,1
juansgaitan,1
jeggelke,1
mnazim,1
bmo84,1
julians,1
jeremyoday,1
miguelleite,1
tasi788,1
mttwhlly,1
jauomni,1
andresGon,1
nfilzi,1
frederikchristensen,1
videmsky,1
bosspatrone,1
joetinston,1
