231907786,1
503945930,1
tanken,19
marcoroganovic,9
ravshansbox,34
bernardinus,2
markwilliamfirth,69
JoseCage,34
joseluisq,8
quiet324,32
tohjustin,3
saratateno,1
nodeco,17
irahulsingh,13
sohilpandya,19
nikhilaravi,19
edwardcodes,52
yolt,29
besarthoxhaj,5
nelsonic,79
NataliaLKB,7
nevosial,1
fzxt,1
menjaraz,2
Talento90,3
eugene-griaznov,1
Veikedo,1
danieldc,2
dhensen,1
MarcoCFA,5
citypaul,3
FeliciousX,1
oLDu67,1
Qh0stM4N,1
karimsallam,2
Lzok,1
Andrioden,1
cardotrejos,3
mpolden,1
paalmoest,1
kaoussi,5
ngthduy90,1
smuemd,3
spidersouleater,1
rschmidtz,1
jhermann,1
bobblanchett,1
papucho,2
hellosze,3
ohaiwalt,1
idarlington,1
kentsay,1
leolanchas,1
davidchalifoux,1
erwinchan,1
atstek,2
atralice,2
shouston3,10
tompiarulli,2
joshuacolvin,1
philippeluickx,1
piotrkochan,1
iagomelanias,5
dani0l,2
lrlucena,1
cristian-henrique,1
anhldbk,1
sidheshwar06,1
waldemirflj,1
gcaraciolo,1
AnianZ,2
Peanutbutteer,2
sohaibfarooqi,1
flora5,1
snowcrshd,1
NarasimhaReddyY,1
ivolima,1
Marlysson,1
shenoy,1
deadcoder0904,13
zanarou,1
bhuto,1
hooligan,1
iimos,1
mkalb,1
qqldd,1
huxuan,1
lidonghua,1
Anthonyeef,1
sangmingming,1
RodrigoJacznik,3
kaelzhang,1
mitchellporter,5
firede,3
vattytrivedi,2
ifvictr,4
onlurking,7
sachsy,4
bupyc9,1
elfelrandcor,1
lex111,2
UnknownHero,1
killmenot,1
mrsmartpants,1
gabyc17,1
madduxTim,1
rodrigocprates,1
lpirola,1
ianlet,1
avaloni,1
discort,1
sofiapoh,4
gustaveiffel,1
ba55ie,2
bsbarkur,1
mrinalwadhwa,1
anwar722,1
bitbay,1
modestkdr,3
NexZhu,7
edymerchk,1
sescobb27,2
rderoldan1,1
pwalvarado,4
ZenCocoon,1
mrphishxxx,3
MrOutis,2
sofer,6
maielo,2
damonmcminn,1
Lucasosf,1
philss,1
jcockhren,1
juanshishido,1
Kabishou,3
hyprstack,10
ehabhamdy,1
ayoungh,3
sfabriece,2
avy-the-one,1
akbaryu,10
breaker331,1
augustopedro,1
delete,1
FMCalisto,1
cassiobotaro,1
lstaniszewski,1
vansteki,1
tpai,1
RadwaKamal,1
AZaviruha,1
maooson,1
fredsmoo,1
ltoshea,3
katbow,13
andrewMacmurray,8
byan,1
brianwdunlap,2
j0shua,4
mhaidarh,34
wttw,1
muntasirsyed,4
alephmelo,2
gdumitrescu,1
mlegy,2
fleg,2
mazulo,1
thiagosbraga,1
darlanmendonca,2
melbarch,2
thebergamo,2
Yiabiten,2
phpfour,1
mlequain,1
AdrieanKhisbe,5
TheJoin95,1
philiplopez,3
hasinhayder,4
jiin,1
fdisotto,1
vikkio88,1
Ideneal,1
Wicker25,1
h4t0n,1
mugli,5
joshpitzalis,4
jonathansamines,3
nitsnwits,1
Sun-Wukong,2
prio101,1
robotomize,8
dwelle,2
gabrielperales,26
iteles,63
katkelemen,6
naazy,9
da-vaibhav,19
iyn,4
diegodfsd,1
PetrKohut,6
kkganesan,1
jimmyhsu,1
sam-splat,2
clydee,1
sobralense,1
fmoliveira,21
kezhuw,1
zachguo,3
axd1967,3
shamsher31,4
ngmachado,1
EslaMx7,1
AhmedKamal,1
joaquimserafim,2
rohitkothari,2
clarkie,1
karlkori,1
Shokr,3
pablodiazgutierrez,1
gillesdemey,1
mostafahussein,4
wazery,1
petrols,1
NouranMahmoud,5
vianneylemasne,1
raphaelcosta,1
mikechau,2
nicmitchell,1
petegarvin1,1
newswim,16
RipleyLudicrous1979,15
eliascodes,1
v-a-kernel,5
zachmanpro,1
minhlong,1
Ebolon,1
rohstar,1
shanewwarren,2
coreylight,1
BabakKia,1
celalo,1
andyfen,2
StevenACoffman,1
AaronHarris,1
MassimoCappellano,1
MaDragon,1
enghwa,1
nataliaking,1
juhamust,1
bermannoah,1
zefman,1
stijnwijndaele,1
kuashe,1
tetreault,1
romankl1m,1
PauloMigAlmeida,1
why2pac,1
theomarkkuspaul,1
bradstewart,1
Humoyun,1
gregwhitaker,1
zhenghorse,1
ken1020,1
steveheistand,1
mako34,1
wrtcoder,1
alfonsodev,1
jmstout,2
joekr,1
groteworld,1
cagodoy,1
naikrovek,1
bastman,1
debashish2014,1
pkerney,1
niba,1
ericsantos,1
alexcasalboni,2
darland,1
ashutoshvct,1
cast,1
lsilvs,1
jackcarlisle,15
sahildave,1
pvalentim,1
chetanmelkani,1
TobiahRex,1
sznrbrt,1
jshmrrsn,1
SIMPLYBOYS,1
odyss009,2
BillyDon,1
jeevan-patil,1
danillouz,1
lfreneda,1
himanshuphirke,1
SergioMacGyver,1
sukhmeet2390,1
mfpinheiro,1
checkmatez,1
gwenf,1
tiomno,1
davidlu1001,1
pablogravielseo,1
thomd,1
weezykon,1
kamalkant2,1
antivanov,1
chakrihacker,1
pmaeria,1
dmitrika,1
ilyachenko,2
opensourceportfolio,1
suddi,1
alfonsoperez,1
funkfinger,1
HJewkes,1
archling,1
danielstaleiny,1
hilyin,1
smithjw,1
hughevans,1
michaeldim,1
Rednikov,1
seefeld,1
habibtalib,1
0x4D31,1
mdobson,1
zdne,1
bagshik,1
vbutoma,1
yoihito,1
marcioadr88,3
ehtobsemaj,1
lgs,1
paulmcarrier,1
salvianoo,1
afharvey,1
zulhfreelancer,1
equivalent,1
wicaksana,1
ashfaqrafi,1
tomcardoso,1
takumib,1
AmyJiang,1
grelaxus,1
RAJESHW,5
pierce-h,1
theUncanny,1
rumitparakhiya,1
kdepp,1
muhammadghazali,2
hcchappy,1
atse,1
Jolg42,2
damianesteban,1
benmcp,1
ankkho,1
MattRyder,1
knowlsie,1
pminnieur,2
Brendobrien,1
hamidhomapour,1
andykant,1
arungalva,1
antonioortegajr,1
ritesh24,1
AdamZaczek,1
yoyeung,1
prajnak,1
CoolersCoder,1
ashutoshchauhan13,1
DhammaLuke,1
linslin,1
michaelschwinges,1
vdumontier,1
SwathiMystery,2
dustykeyboard,1
tjfamodu,2
ushering,1
Kevancp,1
llun,1
RuslanZavacky,2
glozhkovoy,1
ricardocunha,1
adrianmelic,1
psurma,1
waawal,1
ericontech,1
anuprakash,1
stanleyhlng,1
iryndin,1
edcarr,1
zugarzeeker,3
bmlyon,1
thomgre,1
rturk,1
smiles2,1
hkalexling,1
goncaloneves,1
addf,1
cslin0915,1
adaptive,1
kreig303,1
Spaceinvaderz,1
lucnap,1
anweshknayak,3
biggerfish,1
rafaeljesus,2
rcb-ferreira,1
jamesfiltness,1
phongsakornp,1
Starefossen,1
engti,1
artegen,1
rchovatiya88,2
igormalyk,1
jamesmorgan,1
fawdg,1
aminelaadhari,1
bashu,1
tfamodu,1
sethdford,1
nevraydin,1
ericfrancis,1
ro-savage,1
sky1234,1
absolutarin,1
anmolnagpal,1
btomashvili,1
interisti,1
robinvenneman,1
Mitica,1
sandwi,1
C-Powers,1
collin-mcgrath,1
simple10,1
pisaacs,1
kunalvarma05,1
Rhjulskov,1
anilkulkarni87,1
SantoshSrinivas79,1
owendall,1
mixecan,1
yansenarmandau,1
flaviodrt,1
cem2ran,1
MihaZelnik,1
dvbowman,1
rorlig,1
clasense4,1
Kampe,1
flyer103,1
morkot,1
kimmobrunfeldt,1
jaredrhine,1
madhuakula,1
tkikkert,1
DuocTran,1
junos,1
stormsen74,1
xjw0914,1
DaichiUeura,1
jochavez,1
otajor,5
metelsky,1
jigardafda,1
benoittgt,1
cse-tushar,2
zEvg,1
floriannagel,1
develoser,1
kynan,1
g761007,1
deadbits,1
rowanu,1
tte,1
artembloom,1
paraskakis,1
sr-ix,1
ManuCutillas,1
deter3,1
eloy-hp,1
amohnacs15,1
allanbian1017,1
dvdoliveira,1
fabriceclementz,1
lielran,1
avidsapp,1
kayterra,1
mattppp,1
brunetto,1
enricopesce,1
wfyanmnm,1
smisra,1
quardz,1
worktimepower,1
kirilgorbachov,1
jyothri,1
mtotheikle,1
LamourBt,1
EricCrosson,1
fiunchinho,1
kusachi,1
maoosi,1
michaelluk,1
faysal515,1
sandyleo26,1
Cuneytt,1
SYU15,1
recumbent,1
hungaikev,1
geoffWBM,1
alpha0geek,1
java2kus,1
miguelperez,1
harishbsrinivas,1
srhtcn,1
rodrigoalviani,1
lewisp6,1
kavaskar,1
ivanderbu2,1
rebolyte,1
wang-steven,1
pulkitsinghal,1
amitsk,1
Plankalkuel,1
Derek-X-Wang,1
nupurkapoor,2
jjperezaguinaga,1
markjkelly,1
windwaterbo,1
chocoluffy,1
gregors,1
yvele,2
mjstahl,1
code-guru,1
ArthurZheng,1
Quizp2p,1
jonasdp,1
lgrosales,1
eiriklv,14
saqib-cliqz,1
rakeen,4
tryprasannan,1
ScottMaclure,1
AndrewKeig,1
jmathews,1
hisasann,1
pillowsoft,3
doublenns,1
tuki0918,2
chikamim,1
takuma510,1
ryym,1
azu,2
LibertyDevs,1
Layzie,2
mantoni,1
christophchamp,1
xuatz,1
kevinold,7
rnella01,1
reinholdsson,1
PavelPolyakov,1
hltbra,1
dowsanjack,1
ericnishio,1
icecreammatt,1
delgermurun,1
pitzcarraldo,1
Rapol,1
RachBLondon,6
jayzz55,1
murugan-r,1
slimfancy,1
benstevinson,1
kwkhaw,1
DevanR,1
fmmrtns,1
joshy,1
chrishutchinson,1
herecomesjaycee,1
mattliving,1
wildlyinaccurate,1
psbrandt,1
pmuens,2
c10h22,1
arthurgallo,1
fenjiot,1
YaaL,1
xasos,1
albertico,1
rschweda,1
wshirey,7
tundrax,1
oytuntez,1
zhuyi5200,1
arcdev1,1
abbi031892,1
Sperryfreak01,1
chandima,1
jarjis,1
bmpvieira,1
adamdiy,2
chrissun-gs,1
HerveNivon,1
mathiasschopmans,2
hanksudo,1
gfogle,1
hufeng,1
ur5us,1
manuelmeurer,1
numo-labs-ci,2
Tailzip,2
aredo,5
mxmzb,1
pari,1
jyenes,1
lilutanya,1
predbrad,1
ShikChen,1
lukem512,1
benjaminlees,2
des-des,11
adrianblynch,4
goliatone,1
merritt911,1
itunali,1
nicolaje,1
ChuyuHsu,1
beejhuff,3
alessandrousseglioviretta,1
skojin,1
binoculars,1
ArronPJ,1
mozz100,1
dreadjr,1
Jbarget,11
RichAWarren,1
shahzadns,1
arunshekher,1
lojabasico,1
LasaleFamine,6
ryanpcmcquen,5
letusfly85,1
Chan11,2
kirbygit,1
abhisekp,2
flyfj,1
bosblaket,2
chdezmar,1
leebivip,1
hbd,1
mkhairi,1
sumanp,2
kgraves,1
ajmalafif,3
dustinryerson,4
guipsamora,1
sainttail,2
SimonLab,16
tunnckoCore,8
pito-svk,4
ansyeow,1
ivernaloo,6
mantagen,2
pvskand,1
fresh5447,2
danny460,1
Michael-E-Rose,1
geovannyAvelar,1
Sufflavus,1
gregorynicholas,1
mjhea0,1
mk4111,6
benoitwerner,1
fedsib,1
dehamzah,1
dawsbot,2
The-K-Man,1
akileez,2
nacyot,1
ahastudio,1
jerfowler,1
qk168899,1
chieakiba,7
jalcine,8
MarkHarper,1
FilWisher,4
kanglicheng,1
erhemdiputra,1
dwylbot,2
vavavr00m,1
bgrrtt,2
MiattoRocha,3
akimdi,1
davidandreoletti,1
ManrajGrover,2
masonq1media,1
DN6,1
charly-vega,1
systmkor,1
mketiku,1
Leenie,1
praveenkumarsrinivasan,1
aancw,1
hiorws,1
hnq90,3
chenruibin,1
wingy3181,1
himanshu-cliqr,1
cstcyr,1
nercof,1
ethanrubio,8
curious22,2
hzlmn,5
ired,1
kevingo,1
bingohuang,1
nach-o-man,1
paroczi,1
hsavit1,1
GochoMugo,1
gamontalvo,4
oluoluoxenfree,8
jonasermert,1
amar-sanakal,1
4xposed,1
carloscasalar,9
skippednote,1
Meabed,1
lynnaloo,3
schlos,3
vormwald,1
xukeek,2
MattL920,1
fabiodr,3
Rahulkr204,1
colt082295,1
vladgolubev,4
Y-LyN-10,4
yang7551735,1
joehua87,1
RajanMehta,1
a1Gupta,1
MHDMAM,1
vishnuixm,1
shatteringlass,1
pratikpparikh,1
khanhtranhd,1
ehamiter,1
blackcow02,1
nmt1994,1
oussemos,1
sowadalmughni,1
KevinMyDing,1
laituan245,1
guoweihdu,1
jemmanuel,2
thinkspill,1
devdlabs,1
Neil-UWA,1
mgill25,1
starlightyear,3
samhavens,1
instanceofvitor,1
paulstefanday,6
srfrog,1
otomeskhy,1
madratman,1
92bondstreet,1
christieewen,1
seamustuohy,1
ramkumar-kr,1
vikaslalwani,1
uniquerockrz,1
satnami,1
anirudhacharya,1
tofuninjah,2
jslnriot,1
zaork,1
Kamprath,1
hellboy81,1
slattery,1
ozlerhakan,2
sandymoreno,1
pkt,1
goobeck,1
intool,5
zhoul-HS,1
capaj,5
giokokos,1
stratigos,2
NigelEarle,1
victorperin,1
xmpf,1
leonascimento,2
Jessica7,3
beardfacebo,1
oemdaro,3
Grenoblois,5
zzhakupov,3
forgivethefool,4
jwcastillo,2
ryuheechul,2
Danwhy,3
hzbadr,1
njsfield,4
michael-k,2
JoseMCO,1
pgom,6
Cleop,2
YvesMuyaBenda,7
alpanayotov,2
truonglvx,2
jackmac92,2
jruts,3
jsms90,7
Phonbopit,5
collegeimprovements,1
charlenopires,1
florinpatrascu,1
nickbytes,2
absynce,1
z3ugma,1
lfarroco,1
ZooeyMiller,2
boombador,1
mattlub,1
douglascorrea,1
botraunak,2
Akin909,2
smarthutza,3
PiotrBerebecki,4
bo-bok,4
AlexanderKozhevin,1
hsribei,2
KhaledElAnsari,2
teddy-error,1
FidelisClayton,2
ccmikechen,1
UgurAldanmaz,4
seanohue,1
DDunc,1
kirankn,1
ashish-sjc,1
jgr,1
vahidabdi,1
bruunoromero,1
Conorc1000,6
Jermorin,1
fatso83,2
veggiemonk,1
justgage,2
msachi,5
SavageWilliam,3
JMurphyWeb,1
vamsiampolu,2
jackfranklin,1
bradreeder,1
apaulacacao,1
3tty0n,1
pakhuong,3
emilyb7,4
JayFliz,3
bs1180,1
Samatar26,4
perborgen,6
imsheth,1
cbodtorf,1
dikyarga,3
m4v15,1
madeleinel,2
Rambou,1
ryanedwardrush,1
pinpointpanda,1
miccferr,1
skibinska,4
lholznagel,1
mbach04,1
dliv,1
Erkaman,1
kaosat-dev,1
frapfi,1
spookyUnknownUser,1
florido,1
MorleyB,1
YoHoJo,1
rifaavalon,1
nodexo,1
everthis,2
Homa,1
chenfanggm,1
Kbman99,1
arpit1997,1
faizankshaikh,1
analyticalmonk,1
Evgenyoliver,1
YangVincent,1
houssemzaier,1
daymos,6
jaredreich,1
michael4reynolds,1
Harishwar,1
kqlee,1
zapatran,1
elrumordelaluz,1
tung-dang,2
JamesGu14,1
cameronroe,4
alexdrans,2
josecolella,3
tu6619,2
bourdeau,1
mrbgit,1
tsop14,3
tormod17,6
bplabombarda,2
poeticninja,4
Holi60k,1
tuananh9801,1
goransta,1
tarun2502,1
valentinvichnal,1
zack9433,3
ltouro,2
developit,1
dbhandel,1
def-articl,1
marciomansur,1
dubkrapht,1
ATM-SALEH,1
Remeic,1
samudary,1
edumerckx,1
andrewplan,1
Caesar73,1
mhn4work,1
R3oLoN,1
fescate,1
sujanstha,1
megataps,1
rferro,2
osmankincal,1
alieslamifard,1
xgenvn,1
uggds,1
anya92,1
andela-odaniel,1
anshul9pi,1
IzayaFirst,1
gadflying,1
mattshirtliffe,1
bplus,2
omniscient,1
grynienp,1
rayxia,1
saqing,1
Sparklet73,1
minibugdev,1
joeylouise,6
oslvbo,2
arttuladhar,2
tk120404,2
ldong,1
leijing7,2
allegewhd,2
jasonszhao,1
ClementDelaunay,1
aryasadeghy,3
tralphy,1
aykuttasil,1
cfirmo33,1
ppamorim,1
Kuchiriel,1
berakahlabs,1
amath,1
elmadah,1
abramenal,1
barbietunnie,2
ahemphill,3
zenwalk,1
capturecadet,1
wfoxd,1
mcchrish,2
zetaverse,1
ricsirigu,1
antoinemetifeu,1
sradvanski,1
amaurycatelan,1
martineboh,1
mhscapim,1
ChrisWphoto,1
fadec,1
rossedman,1
faghani,1
robman87,1
littleboss,1
subins,1
emanuelrosa,1
foranton,1
CNBlackJ,1
volash86,3
ezralalonde,1
yortz,1
namuit,1
thirawutp,1
bamoo456,1
kandros,1
dittodhole,1
sagarparikh,1
dhamaniasad,2
dannyppaz,2
uilyam,1
tlkh2311,1
JustinLien,1
cse031sust02,1
jwray,1
markhu,1
mustardamus,1
weisuoke,1
rebootd,1
Pygocentrus,1
inshideru,1
xadamy,3
alterx,1
stefholbrook,1
TylerKirkpatrick,1
ZZR-china,2
xudongcamsys,1
muhtarudinsiregar,3
zhenghua75,1
styler,1
attomos,1
bcamacho,1
lanskey,2
vaucouleur,1
duycuong87vn,1
treyhuffine,1
2201pandey,3
vitortalaia,1
zhulin2609,1
pavl1,1
AlanHassen,1
ktkization,1
omidh28,1
thibmaek,1
zhqy,1
wltgreenwood,1
vsarpe,2
nicodinh,2
gmanfredi,1
jqwel,1
pmadar,1
ellerbrock,4
jorgevalls23,1
pannz,1
freitasjuciel,1
reaneyk,1
andrew310,1
d3viant0ne,1
moogalin,2
robmcguinness,1
essxiv,2
robhorrigan,1
ssreekanth,1
AnnekaSillitoe,3
studevguy,1
louy2,1
bnjjj,1
jbpionnier,1
ryanmcintire,1
connor11528,5
gusgard,4
vitorbaptista,1
7fELF,2
jeffstieler,1
padrisimo,1
BurntCaramel,1
michalkowol,1
Fraccaman,1
jkvora,1
AaronSum,1
amtruenorth,1
ToonDC,1
sandrinodimattia,3
shebinleo,1
nikolenkoanton92,2
lucasviola,2
Shridhad,1
larsbs,1
vmlinz,3
mrkidsan,2
jrutter,1
jvrdom,1
one-aalam,1
brunowego,1
developer-rakeshpaul,2
rafakato,1
IbnSaeed,1
jpalala,1
marcogbarcellos,1
kujeah,1
EmmaDeacon,2
eownis,1
jchatkinson,1
MarckK,5
nogainbar,4
AyumiKai,1
sachinsawant71,1
camerow,1
fouadkada,1
AndreVarandas,1
anaibol,1
prashaantt,1
leandrogrillo,1
yapjiaqing,1
ahmed1490,2
5plus5,1
hoanghiep,1
nickleefly,1
jw84,1
pteich,1
JonSchapiro,1
LuisCDias,1
goodmind,2
kkochanski,2
108adams,1
samkelleher,1
ihorskyi,1
TheSuperFly,1
yereby,1
tiret,1
mbury,1
epik000,1
Shivang44,1
matteodelv,1
kevinnguy,1
jarontai,1
rkasula,1
n1arash,1
alejandronanez,2
andrewmile,1
dogrocker,1
garfbargle,1
tsm91,3
tosman,1
yson,2
judewang,1
Sturgelose,1
bjork24,1
august-zou,1
xemoe,1
ParthaBoocha,1
dvrylc,2
rpun,2
grajib23,3
getaclue,1
jameskolce,4
bulgakovk,1
robsonmafra,1
faberyx,2
alexandre7,2
leftjs,1
chrisalcantara,1
nishtacular,1
renzosal,1
nikitasfrs,1
tezlopchan,1
tsevdos,1
tanmaypatel,1
sasharlemin,1
nwhitmont,1
agrimsingh,1
tinchoz49,2
shatgupt,1
divramod,2
fdvj,1
ryeegee,1
dpaez,1
imom39a,1
mattshaffer11,1
irijcken,2
tcelestino,1
miknonny,1
BrandonRomano,1
cslysy,1
loiclaudet,1
alexandrupetrescu94,1
robbenmu,1
gaboesquivel,1
monofrio,1
Gattermeier,1
CClerville,1
ianstalter123,2
alexpertsev,1
ptzagk,1
voveph,1
piyushchauhan2011,1
iwasrobbed,1
waywaaard,1
yaempioy,1
rchan099,2
markandrewj,1
zayyarphone,1
pigiuz,3
honggui,1
esdee-git,1
ibrahim9,1
BrunoAlcides,1
lucasbastianik,1
hodorswit,1
adiospace,1
Thomas-P,1
highiq,1
agauniyal,2
ikhsan,1
gafful,1
pirafrank,1
osmelmora,3
danielsef,1
ccnokes,2
remirobert,1
mistyharsh,3
songawee,1
aef-,1
maheshbabu,1
livfwd,1
ArsalanDotMe,1
n0roo,1
ghsyeung,1
bemurphy,1
iTonyYo,1
DenQ,1
wootsaejao,3
vdt,1
mattii,1
mattcam,1
mattiasewers,1
jythomart,1
MunGell,1
Charlotteis,1
tobkle,2
miquelnez,1
moreta,1
thegsi,5
lokenx,2
carlos-r-mendoza,1
hzpy,1
Sogl,1
robbiethegeek,1
thefoxjob,1
NoRKin,1
angusshire,7
sirakoff,1
funkymonkeymonk,1
trizz,1
josephdburdick,2
pruett,1
miklosme,2
jesusprubio,1
davidchin,1
delvedor,2
mattludwigs,1
heron2014,8
meherranjan,1
ConAntonakos,1
mizhac,1
aazlant,1
giulianolatini,1
klapouchy,1
yoamomonstruos,1
omarsmak,1
davidbnk,1
leandroalemao,1
samrocksc,1
mliq,1
djensen47,1
ukrittang,1
DaneEveritt,1
gitawego,1
nunks500,1
mollfrey,1
schettino,1
victorkane,1
tebanep,1
Ricardo07,1
1hndrxx,1
ilyaa1,1
kwcto,1
ishan-marikar,3
adityasaxena,2
iwanjunaid,1
timktchan,1
ilmsg,1
chibicode,1
cunningryan,1
willklein,1
galenandrew,1
catataw,1
guerreiro,1
cbracco,1
gabrielcorado,1
AgtLucas,3
msmichellegar,5
wivorn,1
bencooling,2
aselivanov,1
keberox,2
Jaraxal,2
kaicataldo,1
duncanawerbuck,3
devlim,1
lrobot,1
axpro,2
izaakrogan,4
lfridael,1
amilvasishtha,1
cuongcua90,1
aaronazlant,1
kureikain,1
mikejerome,1
lporras,1
elf-pavlik,2
eluciano11,1
Jpadilla1,1
alistairharris,1
jonathansamines-xoom,1
crowl,1
g13n,1
bitNomad,1
rgcr,1
jrmce,1
brezal,2
thebinarypenguin,1
iostat42,1
tielur,1
alfonsomga,1
iwatakeshi,1
eloop,1
harriha,1
bryanleonard,1
torosgo,1
Duelist,1
coolmenu,1
RoneyThomas,1
bravepanda,1
Neats29,7
MIJOTHY,2
asimjaved,1
leope,1
georgeyue,1
mjurincic,1
troyastorino,1
rodrigosdo,2
Kevinlearynet,1
cwilgenhoff,2
akashgupta88,2
zackgao,1
stuartweir,1
marcioalthmann,1
dustrider,1
tonylife,1
dcernach,1
dublx,1
DimychOcean,1
daniel-norman-sociomantic,1
ahmedelgabri,1
eabait,4
mnquintana,1
carloscarcamo,2
gyaresu,1
HimanshPal,1
dejandomarcas,1
petrbrzek,2
coolxeo,2
kikoanis,1
callerc1,1
muraliv,1
ugurcanekimci,2
ammbot,1
voronianski,1
valtlfelipe,1
iamMonzurul,1
sh4hin,1
jkotrba,1
aleury,1
byoigres,3
uzysjung,1
thoughtquery,1
geek,1
dunamis1974,1
jeltok,1
KrishnaSwathi,3
gingermusketeer,1
growlybear,1
dreamineering,1
fusionstrings,1
morridm,1
DuskyPixel,2
RobStallion,2
karinakozarova,1
springuper,1
nerdymax,1
seaunseen,1
makst,1
sgrant613,1
Didericis,1
kaustubhhiware,3
mubaidr,1
chenhengjie123,1
mariddew,1
manishmalik,2
shupan123,1
josealmeida,1
lekosfmi,1
mikepenzin,1
noahehall,1
xshua06,1
jancodes,1
emonteco,1
adriancbo,1
pgilad,1
Sean-Lan,1
dylanlott,1
leopaglia,2
noscripter,1
jwineman,1
khaosdoctor,1
leonardosouza,1
maxnathaniel,1
seanpoulter,1
hperantunes,1
DevinXian,2
swissonid,1
stevenov7,1
yvonne-liu,2
ManadayM,2
bbohen,1
nodox,1
kirkstrobeck,1
mbeauchamp7,1
simplyspoke,1
amitguptagwl,1
sarahsga,1
tokyoincode,2
adamyarger,1
byjord,1
warapitiya,1
BiteBit,2
alexisab,2
coderingo,2
ojassvi,1
bulldog478,1
hazolsky,1
indatawetrust,1
geoyws,2
roppa,1
LBYPatrick,1
josephschmitt,1
nickccm1122,3
tusharkathuria,1
Amri91,1
evisong,1
yhor1e,1
ochanje210,1
zhenyulin,1
denar90,1
mpfeil,1
hfpmartins,1
gustavo-freitas,1
marcoturi,1
lior-a,1
chriskalmar,2
amitrai99,1
madili,1
haoranw,2
rafaelrozon,1
kirnovak,1
phanhoangloc,2
doganozturk,1
b0nez,1
berkandirim,1
cgalvarez,1
DeepakVasalamarri,1
hugoeanogueira,1
linsang90,1
aether7,1
ashikul,1
santiperez,1
dialex,1
059xiaosongshu,1
siirila,1
lewisje,1
welll,1
mrprompt,2
haskellcamargo,1
SAudelOG,1
Alex-Swann,1
xianjimli,1
g3k0,1
rafalradomski,1
CYBAI,1
wei0831,1
fernandosg,1
chrisblum,1
jacky-jiang,1
yustnip,1
khwilo,3
codeapps,1
pedrro,1
leoalmig,2
silentzone,1
fullcrimp,1
jiramot,1
jjanssen,1
vieron,1
RichardIvan,1
casoetan,3
FullStackForger,2
ggregoire,1
belloli,1
cstipkovic,1
alvin-milton,1
gabrielalmeida,1
dbautistav,1
elamperti,1
jiangplus,1
javy-liu,1
ngub,2
yoshimaa,1
malinkang,1
feit,1
ruanyf,2
llaraujo,1
pauleustice,2
Jivanvl,1
gregaubs,2
irobayna,1
thoerchen,1
escalant3,1
laudb,1
NawaraGFX,1
sophielevens,1
Ahmed-osama,1
SmoothHacker,1
lala-beaver21,3
JSRound,1
alireza-saberi,1
seanCodes,1
TheOtherZ,1
Thommas2316,1
kurienzach,1
hermaproditus,1
KarolBrzeski,1
bmkmanoj,3
mkelley33,1
AlejoJamC,3
ishida83,2
StefanScherer,1
domgom,1
lourenzo,1
alan5281,1
paulvi,1
manojkumarm,2
BRMatt,1
richcasesa,1
larsbutzmann,1
kurokouda,1
TdevM,2
Geril,1
kiqs,1
JQiu,1
shinta115,1
fnky,1
umeboshi2,1
shermanwaiwai,1
aeroxmotion,1
Fenicio,1
roccomuso,1
appurist,1
nwshane,1
ahmetoz,2
alan2207,1
vvasilev-,2
ericzon,1
DyncMing,1
ezra-obiwale,1
sergeytunnik,1
skparallax,1
DaniArnaout,1
LuCavallin,1
chuckrincon,1
DenisKondrachukYi,1
naratipud,1
elniffi,1
wofi-minh,1
caseycs,1
nusmql,1
nontachaiwebdev,1
Jimmy02020,1
gatspy,1
codeinaire,1
suryast,1
gie3d,1
ThomasG77,1
imccunn,1
Carrie-Oh,1
byhbt,1
luoyaqifei,1
tomoat,1
Rebaiahmed,1
DamianReeves,1
Elih96,1
husm,1
nebiros,1
nicelj,1
wxyyxc1992,1
tomaszbakula,1
jpdelatorre,2
Manri98,1
samprity,1
stepankuzmin,1
mkordo,1
singhnitesh,1
curdwithraisins,1
HansonLu,1
mingliao,1
CoSNaYe,1
yavorski,1
brayancruces,1
kuzmicheff,1
ffsky128,1
dungvu-qe,1
squarenomad,1
sanae10001,1
taptapdan,1
gerxiu,1
hoaivan,1
martinsotirov,1
dector,2
farant,1
arshdkhn1,2
vinaypuppal,1
jlobos,1
eashish93,1
forrestsun,1
limerentfox,1
barakplasma,2
braden337,1
bodhwani,1
onuradsay,1
ursuleacv,1
gopalindians,1
denji,3
ahmedlhanafy,1
SoleNero,1
ar-maged,1
piyushmakhija,1
morozRed,1
afeicool,1
xuyang2,1
mfDK,1
jjmpsp,1
sofly,2
Alwayswithme,1
brinka,1
zymokey,1
MuhamedFathy,1
sjarman91,1
ssethu24,1
ankit-json,1
turakvlad,1
dennyd,1
hmontes,1
s-evgheni,1
yongshin,1
zs9912,1
mrwanashraf,1
duhow,1
lastmjs,2
xpolb01,1
MarcoNicolodi,2
krmdrsvgl,1
Sm1t,1
Lodufqa,1
wangxh89,1
thiagotpc,1
roketworks,1
sinchan,1
avmohan,1
dtoopran,1
pavelbely,1
waltcow,1
towry,1
makrandgupta,1
deepakps22,1
rockshappy,1
moh8med,1
TrillCyborg,1
hlucasfranca,1
explicitcall,1
chrillo,1
channprj,1
opklnm102,1
iBluemind,1
bockscar,1
d2bit,1
lucasdavila86,1
WeRockStar,2
yusiwen,1
qirt,1
ststeiger,1
joe11051105,1
felipebernardes,1
RegencySoftware,1
lsimmons2,1
happylinks,1
ronenhamias,1
9andresc,1
sparke16,1
dev1337,1
mybks,1
Gusbenz,1
wldn,1
zokeber,1
rafidude,1
umang736,1
renjithgr,1
rShetty,1
qktechies,1
adamgibbons,1
billgo,1
rsax,1
redgang,1
knutwalker,1
MartinSeeler,1
natp0ng,1
sajdre,1
honestrock,1
Sharez,1
faelperetta,1
cxm170,1
AmrMekkawy,1
nunomazer,1
tvukusic,1
philster,1
bdart,1
iiitmahesh,1
StevenBlack,1
plyr0,1
maks,1
DammianMiller,1
ilhnctn,1
ashishsinghdev,1
andyxning,1
wklken,1
jonsmithers,1
JohanCodinha,1
coin8086,1
jahnestacado,1
jschr,1
KevinTCoughlin,1
mbeaudru,1
rbaumier,1
labibramadhan,1
ivieira,1
nvma,1
karolgorecki,1
jgautheron,1
piotrkubisa,1
akdetrick,1
solomaquina,1
robin-ambachtsheer,1
lima9,1
mikechi4,1
toddwprice,1
annejohnson,1
zacharyclaysmith,1
imTachu,1
arangas,1
joynal,1
jagan25,1
rynmsh,1
klingtnet,1
speedornothing,1
robertjanes,1
enchantour,1
bkzhn,1
tmhn,1
ivolivares,1
maael,1
benjaminparnell,1
matthewbordas,1
thomascsd,1
suvajit,1
kodekracker,1
jahongir28,1
jeongsd,1
fredguile,1
slinhart,1
mhaagens,1
tlegrand10,1
miclovich,1
regniblod,1
hyleong,1
andreyzenkov,1
mainTao,1
adriandias,1
jim-y,1
doppioslash,2
alexanderko,1
automata,1
timelf123,1
lanhuai,1
buenolucas,1
biadq,1
dungnm-vt,1
monczek,1
flunardelli,1
midshipman,1
JoshSpears3,1
esummers,1
piglei,1
liu0013,1
saivarunk,1
baldwmic,3
menduo,1
beresford211,1
feyyazakkus,1
maaaikoool,1
kennylee26,1
mzdr,1
threefoldo,1
DevinHe,1
tomByrer,1
santoshgistto,1
prichodko,1
shingt,1
cyrilschumacher,1
estebanprimost,1
srimajji,1
AnatoliyGatt,1
richardtallent,1
morrxy,1
fbertone,1
nunofmn,1
roquie,1
pero86,1
jgatjens,1
chriskaukis,1
aleksasteam,1
koobitor,1
pacuna,1
Mister-WU,1
sliz1,1
krishnaarava,1
vtokmak,1
fbonetti,1
9Y5,1
lucaslago,1
ichigotake,1
mauran,1
iandesj,1
daniphilia,1
T1T4N,1
donjae,1
paiboon15721,1
shafeen,1
michaelzoidl,1
bfarayev,1
Stukongeluk,1
antonsteenvoorden,1
f7q,1
jasonjustice73,1
markheath,1
gp-fukuhara,1
ice5050,1
longuyen1,1
gordonmzhu,1
benjohnde,1
kinvil,1
wk-j,1
williamhallatt,1
ksibod,1
aewens,1
geekydatamonkey,1
v4n,1
alp82,1
Isabek,1
martinnormark,1
germaaan,1
CognitiveBurden,1
ezze,1
willmorgan,1
zaplitny,1
flrngel,1
rcholic,1
mic-kul,1
ymhuang0808,1
code-for-coffee,1
alex-cory,1
yahtnif,2
wildcard,3
svenhornberg,1
mmwtsn,1
davemcnally,1
nvignola,1
benjamincanac,1
NotARealTree,1
roceller,1
wordyallen,1
dataoracle,1
purezen,1
ank-it,1
shajiquan,1
duyetdev,1
hjzheng,1
appleboy,1
smilejos,1
roth1002,1
chentsulin,1
izumskee,1
mjgil,1
longplay,1
jakedex,2
kevinxh,1
TiagoWinehouse,1
alvarowolfx,1
swissspidy,1
lerrua,1
MaySnow,1
yiskang,1
jorandradefig,2
kalinkrustev,1
laurentkempe,1
hustcer,1
zhaiduo,1
uzmo,1
osharim,1
svlada,1
ibotdotout,1
lufthavn,1
terrytowne,1
KhalilZaidoun,1
vjames19,1
tribou,1
biganth,1
diovanemonteiro,1
camilocosta,1
andrew-starosciak,1
sunny-g,2
codetrash,1
ambauer,1
joshburgess,1
queckezz,1
ahdinosaur,2
du5t,1
fagnercarvalho,1
taoeffect,1
xdimedrolx,1
AymanJitan,1
JustinBeaudry,1
minaorangina,1
isomoar,2
fyunli,1
oksas,1
fkuril,1
mrsinguyen,1
ankitpopli1891,1
ometra,1
fibo,1
osiloke,1
fredstrange,1
futurist,3
ccll,1
johnrjj,1
mamal72,1
rhalff,1
gregtandiono,1
garmjs,2
ShahriarHD,1
mrteera,1
n370,1
brunoric,1
cristianp6,1
thekemkid,1
equatorlounge,1
tylerbuchea,1
fsenart,1
choirudin2210,1
wangyingang,1
MeBNoah,1
bingfengzhu,1
krizon,1
eriwin,1
belano,1
raunaqrox,1
andrewyang96,1
christianmalek,1
tahmina8765,1
joephon,1
superalsrk,1
brianmcd,1
rojaswilmer,1
lucamartellucci,1
lucastschmidt,1
goofansu,1
jonahaga,1
cf-ssharma,1
akluew,1
EdisonChendi,1
Darkle,1
codematix,1
roryrjb,3
charliemc,2
mateeyow,1
artlantis,1
Taximan,1
rarkins,1
maumercado,1
Dindaleon,1
leventekk,1
Tchouk,1
ageorgios,1
he110world,1
xiechao06,1
mushkin-v,1
ashlinchak,1
toboid,1
mariangibala,1
bmcmahen,1
Michael2008S,1
dmtttvn,1
matthewstokeley,1
jbravar,1
lolu,1
likwid,1
timtyrrell,1
natehefner,1
iheanyi,1
gi4nks,1
DragonI,1
fredycc,1
eterna2,1
nbosa,1
paulofreitas,1
yoshidax,1
KennedyTedesco,1
neurotech,1
zebapy,2
jeyraof,1
outsideris,1
uiureo,1
matthewhochler,1
phongtattuan,1
glena,1
sethvincent,1
ralphtheninja,1
latentflip,1
denistsoi,2
olizilla,1
dmail,1
gaving,1
luissquall,1
dmjio,1
karlhorky,2
svnlto,1
KlausTrainer,1
mattste,1
lorenzomar,1
zhangchiqing,1
kfei,1
elumalai,1
utopiaio,1
stackmutt,1
malte-wessel,1
brucealex,2
weaktyper,1
kysnm,1
hooblei,1
sitamet,1
RickDT,1
ruben1,1
lordofthejars,1
aliem,1
bpryer,1
gobhi,1
eljefedelrodeodeljefe,1
cdnsteve,1
johnark88,1
daveshah,1
anniva,1
xycloud,1
rjmk,1
tbtommyb,1
troy0820,1
eccorley,1
takefujisan,1
spect88,1
Allajah,1
GreenDevil,1
joshblack,1
heymattwei,1
3yatsu,1
LucasDaiki,1
Joel-Costamagna,1
aepyornis,1
Thiago-Lobo,1
tgam-upabuna,1
pastelsky,1
friasdesign,1
basejump,1
gndplayground,1
KonstantinShkut,1
pierr,1
cpavnn,1
oludiro,1
rtkt,1
Tx83,1
paulfoyfuse,1
Corefinder89,1
sdumas,1
amariani,1
jen-v,1
clamstew,1
patreu22,1
mgleon08,1
iduane,1
romandragan,1
homywu,1
PortalDweller,1
akleiner2,1
justinhessdev,1
vignek,1
indefinitelee,1
SoniaParechanian,1
Ccheng26,1
samiullah,1
Btakuski,1
TotooriaHyperion,1
gokusenz,1
textarcana,1
fobos,1
Ayushverma8,2
hayderimran7,1
mygig,1
mister-t,1
Eversilence,1
Geczy,1
sgir,1
ilkemerogul,1
gglnx,1
rrkandala,1
MChorfa,1
emorlin,1
meckin,1
vasanthk,1
daviddahl,1
urbanspr1nter,1
Anderkins,1
ufocoder,1
toomuchdesign,1
artecher,1
kuldeepkeshwar,1
f15gdsy,1
cwonrails,1
bedeoverend,1
DingDean,2
patrykomiotek,1
therollingtester,1
JulienD,1
bboydflo,1
HaffASE,1
rapitkan,1
makotot,1
kciter,1
ChangJoo-Park,1
felizalde,1
peeyush-tm,1
crc442,1
batulrizvi,1
ariva,1
gnux123,1
alekzonder,1
MaghnusM,1
akooos,1
stephen-knutter,1
jumasheff,1
roll,2
JonnyPickard,1
napalmdev,1
tkdan235,1
gneutzling,1
josielrocha,1
ariugwu,1
belousovnikolai,1
noahblon,1
revelt,1
angelstoone,1
rustunn,2
geekythoughts,1
j1348,1
znason,1
RhodesPeter,1
mhavelant,1
elhachimi,1
patw0929,1
Leop0ld,1
phillipchan2,1
joaomlopes,1
jeanpan,1
laysent,1
alidcastano,1
cloudboy,1
cjoshmartin,1
jakepeyser,1
matthewglover,1
AlexandreBonneau,1
kisglaci,1
idMolotov,1
DanC-UNiDAYS,1
eric-dango,1
jaxxreal,1
iamkether,1
nvkhai,1
dragonfire1119,1
mfpiccolo,1
guiguan,1
tonatiuhromero,1
ehsangazar,1
shbaik82,1
barbagrigia,2
S-Voss,1
pixelondesign,1
xpepermint,2
stevehopkinson,1
harrygfox,2
alexey-fut,1
Travmatth,1
harsh376,1
dongtong,1
gnagel,1
ncob,1
lpanger,1
bjrbhre,1
reg2005,1
rishipuri,1
heldrida,1
nickrfer,2
denhul,1
bmcminn,1
YvesYiu,1
mehany,1
ragingwind,1
chitacan,1
johnie,1
urre,1
helmutgranda,1
maese,1
zayrus,1
martincarlin87,1
booyaa,1
eigenmannmartin,1
rrarunan,1
kryshenp,1
qingo,1
simonmio,1
mattrybin,1
darrenscerri,1
flyingant,1
TroutZen,1
TrippBlunschi,1
mc-zone,1
nickrealdini,1
CrashyBang,1
justinmc,1
2color,1
mehdiheydari,1
ridhomard,1
sri85,1
KSoto,1
bastiantowers,1
rtelicak,1
chrisalexander55,1
kennetpostigo,1
insin,1
wuworkshop,1
rankun203,1
ladanazita,1
getive,1
a1ip,1
gernotstarke,1
rucka,1
rosterloh,1
chernyshof,1
Nubuck,3
orakle,1
selcux,1
Omeqagear,1
Vayn,1
ablochs,1
dyyce,1
dgross881,1
joffilyfe,1
dannamite,1
s4kibs4mi,1
henryza,1
dailepro,1
jsilio,1
llcawthorne,1
sudo-Markus,1
KeKe-Li,1
Pixler420,1
Heizenburg,1
muminoff,1
ganeshan,1
desigooner,1
hanfak,2
mgocobachi,1
zhangbg,1
barinali,1
intpp,1
OskarKlintrot,1
MarcLoupias,1
gastonambrogi,1
yesseecity,1
gunblues,1
alexeiberkov,1
zouyixiong,1
liaa,1
jstrutz,1
zachfedor,1
colinking,1
KyleKing,1
youngwind,1
bingdian,1
ryrych,1
rjsteinert,1
NorikDavtian,1
milieux,1
zhangxin840,1
willpracht,1
thepian,1
egor-smirnov,1
sbedulin,1
carriercomm,1
phoenix1796,1
CuriousLearner,2
easiestripes,1
smilingsun,1
miketrebilcock,1
alphastory,1
keepcurrent,3
andrit,1
care4truth,1
BigglesATlarge,1
jasongfr,1
vvscode,1
kamal2222ahmed,1
radiocontrolled,1
katpas,2
heyts,1
CristinaRO,2
kbocz,1
katebee,2
rub1e,2
mcky,1
yuittti,1
danbluefoot,1
smarquez1,2
HerX121,1
josie11,1
felipeorlando,1
puiu91,1
hurrendor,1
nitiwatpolo,1
joshpeng,1
m428,1
liveyourheart,1
WoleObayomi,1
mareksuscak,1
nickwong680,1
andreyberezhnoy,1
andriivarhanov,1
yanivefraim,1
andreystarkov,1
grahamg,1
missfunmi,1
rafayepes,2
t9md,1
bahmutov,1
tlkx,1
rrevanth,1
edshadi,1
jasonbellamy,1
DamianMullins,1
tonydaly,1
SargeKhan,1
remarks,1
SarthakS93,1
drsherlock,1
Thunderbottom,1
tarunbod,1
trmml,1
adhywiranata,1
yreenchan,1
thanley11,1
haruthuc,1
z4o4z,1
Matatama,1
mdhalim,1
tedmothership,1
Robo-romeski,1
daniele-salvagni,1
http91,1
yurm04,1
vinkris,1
skia92,1
tdeschepper,1
astraluser,1
zhanglongtai,1
wesleybliss,1
ajalger,1
chackomathew,1
eosimosu,1
kingdaa,1
agileup,1
KierenBP,1
nrgapple,1
danielruswick,2
zhang-yuan,1
gmartinezramirez,1
rhyw,1
hjgraca,1
sagaragarwal94,1
mathjoy,1
fxrcode,1
Awk34,1
born2discover,1
aferiat,1
al-ramadhan,1
khahantk,1
ahmgeek,1
manjunathd,1
livelifelively,2
Naramsim,1
rootty,1
showzyl,1
pantchox,1
ChauThan,1
nfeldman,1
brunoksato,1
bartvanremortele,1
nruth,1
matteomartinelli,1
csyangchsh,1
pierrenel,1
mahmoodmd,1
eniz,1
hardware,1
Xartok,1
FGRibreau,1
vitonzhang,1
itamarhaber,1
vassyz,1
mhattori,1
bmontalvo,1
praveenKajla,1
aakritishroff,1
ConchobarMacNessa,1
hxrrera,1
dublicator,1
nicoFuccella,1
DWangHua,1
jhwheeler,1
liberium,1
pololee,1
briankoey,1
glockjt,1
chourobin,1
ahsansher,1
hades217,1
vnbhattarai,1
manjitkumar,1
mugan86,1
Kaizeras,1
agustif,1
Johnnycus,1
orange727,1
jkd65,1
vitakrya,1
Arraibo,1
dakong,1
Seasons123,1
milangupta511,1
onebree,1
SherryH,1
simpleneutrino,1
acomito,1
she-dev,2
pablodenadai,1
khubo,1
ManuCiao,1
sbalay,1
karland,1
dhavalchaudhary,1
jkao,1
ricardoorellana,1
ivannieto,1
Jeff-Eu,1
mansisce,1
baojjeu,1
bookcaseballpen,1
sourcepirate,1
bunnyM,1
bapinney,1
eugrdn,1
shiv86,1
coderitual,1
IIaJIeHo,1
vanoode,1
megantaylor,1
ef37,1
nathanebel,1
superboonie,1
bjornlarus,1
Widcket,1
deonna,1
perveziqbal,1
thiagoterleski,1
jzntam,1
elkamondo,1
designviacode,1
saravntbe,1
davebro,1
rouzazari,1
rhiokim,1
joeyguo,1
rifler,1
muneef,1
zackharley,1
Seabsaye,1
CoteViande,1
alexleventer,1
favarete,1
felikjunvianto,1
Vinchenso,1
MervynFang,1
mrmons,1
excalliburbd,1
bresson,1
rromanovsky,1
mikestaub,1
bhushanjawle,1
gabemartinez,1
sandeep45,1
areinmeyer,1
chiterojr,1
sekharp,1
dmfrank,1
denzo,1
spacegiant,1
sce,1
g33kidd,1
tariqgm,1
dyygtfx,1
gihrig,1
marcelaraujo,1
xenturi0n,1
johnnyeric,1
micfunk,1
chaks7,1
qawemlilo,1
awesomeaniruddh,1
nguyenhung,1
anhtaiH,1
Dauth,1
h503031807,2
ColdMonkey,1
jlsync,1
andrewmcnamara,1
jintoppy,1
pankajpatel,2
bcooke,1
stateoflux,1
robertchengzy,1
mitchbox,1
kwnccc,1
DanCouper,1
meiwhu,1
oakultra,1
Jerry-Lau,1
augusto-altman,1
haitch,1
samarpanda,1
nfabian13,1
gAdrev,1
jallens,1
ZiedKhe,1
f00bard,1
Jeseeq,1
norbertbilbeny,1
patryknowak,1
erikajon,2
joshmanders,1
Archimidis,1
magoragit,1
olivierandriessen,1
njir,1
jeffreyrhuang,1
bfdill,1
mtakac,1
corzej,1
deciob,1
PriyankGahtori,1
klauskohut,1
vieks,1
ShiXiaoyYu,1
hidcliff,1
creatifyme,1
OttlikG,1
metainfa,1
themotu,1
followfork,1
idmontie,1
linonetwo,1
scootcho,1
delesseps,1
ajmchambers,1
martgnz,1
moklick,1
deepalma,1
mayuelei66,1
margoussian,1
arthow4n,1
dpastoor,1
zce,1
jerry-i,1
reacher-lu,1
mjsisley,1
BetaRabbit,1
summarychm,1
7rulnik,1
felixexter,1
vomchik,1
klikstermkd,1
htaox,1
Alex0007,1
petehouston,1
whitecolor,1
sjonner,1
RickyLin,1
emilong,1
cengizdilber,1
geoffakens,1
Antibioticvz,1
davidebettio,1
bjrmatos,1
jbarson,1
fradovan,1
thomasdegry,1
kyoken74,1
Michal-Miky-Jankovsky,1
dsacramone,1
flywithmemsl,1
searchablue,1
alaneng,1
kristerkari,1
dgdavid,1
LucaDb,1
daviwil,1
Smiter,1
dvalchanov,1
f14c0,1
sammyteahan,1
shuaibiyy,1
polacekpavel,1
joaocunha,2
davidkpiano,1
paulkogel,1
bganicky,1
nhterry,1
cagarweyne,1
arzyu,1
dennishn,1
clinyong,1
maoabc1818,2
shoebmogal,1
MofeLee,1
KevinOfNeu,1
hermanzhu,1
tdillan,1
taiansu,1
yutingzhao1991,1
dolymood,1
asvny,1
lubezhang,1
Folyd,1
horizon0514,1
ingf,1
cuitianze,1
yangfeiloveG,1
jrans,1
sublimino,1
Thinking80s,1
simongfxu,1
nynd,2
geocarvalho,1
nzldeveloper,1
tiagovalverde,1
joymon,2
hugurp,1
analyticalpicasso,1
MuRyes,1
Astro36,1
BasixKOR,1
LeeBergstrand,1
analisboeta,1
aliev,1
ademcaliskan,1
adiggo,1
rtruxal,1
roandbox,1
rkr8,1
vyach-vasiliev,1
arafsheikh,1
daj0ker,1
grvcoelho,2
Playermet,1
zorroblue,1
prodicus,1
pranitbauva1997,1
ankeetmaini,2
kylebuttner,2
DouglasdeMoura,1
lanastasov,1
kelleydv,1
otmjka,1
jeromedecoster,1
yangwao,1
xouabita,1
jinzhou,1
eriteric,1
vhula,1
btzr-io,1
p3k,1
cognitom,1
vrehm,1
spiritlibrary,1
tgirotto,1
countable,1
hilarryxu,1
pajtai,1
luoyjx,1
zofe,1
GianlucaGuarini,1
zcei,1
lodybo,1
lucker6666,1
lydiahoang,1
jkersch,1
eimfach,1
atmin,1
idkjs,1
ooloth,1
kcparashar,1
jsartisan,1
peterbrinck,1
samnnodim,1
tylernford,1
hrishimittal,1
cbenz,1
three60five,1
ronanyeah,1
enociz,2
jkenlooper,1
BlueT,1
My-kal,1
MichalDulemba,1
mvilrokx,1
estevanmaito,2
jQrgen,1
danielmoi,1
hmedney,1
amorimfilip,2
mattattaque,1
mayela,1
kgashok,1
jer8,1
jalalazimi,1
flyingluscas,1
nubilfi,1
KJWilliamson,1
xbaby123,1
larikraun,1
lufvilla,2
itsandromeda,1
acekyd,1
hosein2398,1
Subomi,1
Niklus,1
JulianoPadilha,1
prith13,1
gixlg,1
santiHerranz,1
KimTrijnh,1
williamolojede,1
Jonalogy,1
ahsankamal,1
ivanuy,1
Fujihita,1
risx,1
reza-agahi,1
belozerskiy,1
romulets,1
ummahusla,1
gsantiago,1
santospatrick,1
JonatanSalas,1
w96k,1
karbon62,1
caiobep,1
pierrerappolt,1
iainkirkpatrick,1
selesdepselesnul,1
juanjaime,1
wittjeff,1
rodridiaz,1
AdhanIsCuber,1
athosbr99,1
AlexGoico,1
pchinjr,1
credo92,1
PeriGK,1
barisdemiray,1
matbrady,1
leogopal,1
deka108,1
icaroseara,1
kaimies,1
jpls93,1
niktekusho,2
mattywong,1
akshatamohanty,1
Flex-Luthor,1
htalat,1
ankitgaurav,1
arphen,1
steveamaza,1
kevinguebert,1
michalbcz,1
leonard9,1
paperlambda,1
Borgaard,1
kieranhall,1
kinsomicrote,1
woleoye,1
vire,1
jeffgodwyll,1
kfern,2
edemkumodzi,1
chaicko,1
Chiamaka,1
dichosov,1
Krbz,1
meche,1
memojja,1
biravino,1
cevherkarakoc,1
gokaygurcan,1
drlinux,1
uCibar,1
victorvoid,1
izniburak,1
smtaydemir,1
hwclass,1
rthomas29,1
rofrnnds,1
zhangshuwei,1
san00,1
dameg,1
oderdene,1
RonyVidaur,1
MichelML,1
sloansparger,1
kempsterrrr,1
vincentywx,1
fffuture,1
simone-sanfratello,1
Abdelmageed,1
Obooman,1
sanchitkum,1
derek-palmer,1
entrptaher,1
pedromclamas,1
techmexdev,2
mmhand123,1
AK4848,1
imrokas,1
anujshankar,1
f-joshua,1
doxakis,1
sohamkamani,1
hugocarreira,1
aodreman,1
dgowrie,1
znamilya,1
cabbage,1
br0p0p,1
mmccullar,1
kogakure,1
amior,1
davidalves1,2
PREMPRAKASHSINGH,1
ritsute,1
carolrmc,1
roberthamel,1
luismacena,1
t-rappos,1
xmarianox,1
amit-mb,1
febLey,1
vyorkin,1
shiiba,1
chetnashah,1
Rusta,1
bmaljai,1
dsi,1
TheAhmadSharif,1
Cube189,1
lrkitto,1
nbicalcarata,1
yhagio,1
CruiseDevice,2
Peripona,1
AntoniosHadji,1
delk0,1
tomhuhges,1
hebertreis,1
MatthewBenjamin,1
wassiim,1
sawas,1
spallen,1
ChenReuven,1
ceasbz,1
costh,1
jabedhasan21,1
up1,1
MichalKlabisz,1
kzap,1
yuhwan,1
yairodriguez,1
wayneadams,1
v3rron,1
sandropucp,2
peterjenkins,1
julianengel,1
sharavsambuu,1
nobuh,1
iagolaguna,1
HiredBlade,1
psyddhartha,1
mandavkarswap,1
IanDCarroll,1
DanGeffroy,1
AlbertoTrindade,1
jcarlallen,1
alfrcr,1
dimohamdy,1
mmdsharifi,2
AlanGabbianelli,1
vuzzlevuzz,1
parkerproject,1
dushujun,1
shanebarringer,1
cades,1
RPallas92,1
naquiuddin,1
krtierney,1
interglobalmedia,1
BexB1,1
katia-utochkina,1
SathishGajendran,1
marcellefter,2
etinif,1
sethlopezme,1
chrisbuttery,1
ykhorzon,1
albericagr,1
osnysantos,1
wxyudl,2
louisguitton,1
dominikwilkowski,1
alanbares,1
gup-dwp,1
antoio,1
artitudinale1,1
lucasbento,2
frosit,2
val-samonte,1
brunosilvano,1
raptortech-js,1
raakesh,1
johnrackles,1
forthright48,1
mnucara-vanGoGh,1
PabloDesiderioFlores,1
fuunnx,1
Trskldn,1
PeterChauYEG,2
dodadoa,1
christopherowen78,1
aayushkapoor206,1
jresendiz27,1
jareyes409,1
hecerinc,1
ybrodsky,1
jojobyte,1
michaelmeuli,1
valterlima,1
Kablex,2
diazweb,1
byr-gdp,2
robi-y,1
elementHTTP,1
webtechalex,1
ArielStrong,1
chris-alexander,1
justin-ch-goh,1
jmsmrgn,1
nhz-io,1
dpkshrma,2
neurosys,1
justinseiter,1
codelero,1
Ebsy,1
choiaa,1
christiansakai,2
leecade,2
lucchmielowski,1
payneal,1
sukawat1580,1
vernonk,1
jphmf,1
kaoskeya,1
fabientownsend,1
abdhass,1
HQarroum,1
Wgil,1
jaicab,1
Cordycepss,1
alexandrejunqueira,1
brunopulis,1
Joshua-Ronan-Phillips,1
maxparm,1
mauriciojunior,1
IgorVieira,2
willianjusten,2
JackNova,1
rengokantai,1
pixely,1
taichi,1
chunpu,1
hasssan,1
quentunahelper,1
zrei,2
VadimBrodsky,1
diogomoretti,2
syuichi-tsuji,1
halbtuerke,1
alexandref93,1
johncpatterson,1
studiomohawk,1
PavelDemyanenko,1
qinmudi,1
kohlerm,1
yockelle,1
ma3east,1
noyobo,1
ravikp7,1
gadzhimari,1
andreepratama27,1
tiaghoalves,1
vulcangz,1
jaskiratr,1
benhurott,1
Aniket965,1
mbj36,1
davebeach,1
WilliamOnVoyage,1
nathunsmitty,1
hahuutin,1
Respekt1,1
jsun98,1
michelefenu,1
liammcmurray,1
tejasrsuthar,1
jweboy,1
danielfsousa,1
gedeagas,1
MurWade,1
marius92mc,1
ankur-gupta,1
thibaultboursier,1
itzrahulsoni,1
MichaelErmer,1
VictorCoder123,1
ifeature,1
viterbox,1
alexrosenkranz,1
cezarlz,1
Amrithasuresh,1
FreakDev,1
limbobark,1
tkdn,1
nicobevilacqua,1
tuannvm,1
davieghost,1
joejingojack,1
DCLAN,1
ajmas,1
ONS-Tom,1
iSpring,1
dimkirt,1
Unicornelia,1
iblasquez,1
neilharia7,1
dhduc,1
yash-nisar,1
jdiegogonzales,1
HienNguyen711,1
AleshaOleg,1
psicotropicos,1
exequiel09,1
jonnyhaynes,1
AniMysore74,1
girikuncoro,1
gungunfebrianza,1
andy9775,1
jsantiagoh,1
raymelon,1
DaveDH2,1
b0n0n,1
tziporaziegler,1
Santiago-vdk,1
jakubjodelka,1
onegrx,1
Padhh,1
Vitormdias,1
qeesung,1
vohzd,1
Bnic3,1
abhishekjairath,1
duaraghav8,1
Oluwasetemi,1
tool-jx3,1
szhangpitt,1
CyberKronos,1
jordanbrauer,1
anilpai,1
kevinrambaud,1
sergiokopplin,1
joshuapena,1
martiros,1
yuguo,1
pat-s,1
jferrettiboke,1
matteocng,1
sequoiar,1
ryanpoplin,1
thakkaryash94,1
elevenlee11,1
J2TeaM,1
EvanGoss,1
PUSRISTEK,1
derick-montague,1
fredyrincon,1
ZsIsMe,1
nickfletcher,1
jsuero,1
matthewjberger,1
adamruul,1
tthoraldson,1
takwas,1
diegofaria,1
sourvil,1
oseau,1
aengusbates,1
jbw91,1
Ananasr,1
Eman-Shaaban,1
mooniker,1
coxjc,1
DNguyen17,1
preco21,1
suzujun,1
fernandoguedes,1
aburgd,1
bernardoporto,1
twhite96,1
markoch,1
medmond78,1
Anzumana,1
VincentWen,1
beader,1
jpsc,1
jacenko,1
mckennapsean,1
peterma,1
jiep,1
davidenq,1
wojciechAdaszynski,1
huyle333,1
austinjkovach,1
macalinao,1
Em01,1
irff,1
Balatzar,1
Algram,1
halvves,1
corysimmons,1
p0o,1
RonanC,1
fprieur,1
soyelmnd,1
georapbox,1
tdtrung17693,1
arslanbilal,1
maboiteaspam,1
rmnblm,1
fafnirical,1
richardhughes,1
gavioto,1
manojjsm,1
onesuper,1
512vincent,1
geraldchecka,1
imyelo,1
Wen777,1
Javascipt,1
robertodr,1
bast,1
welksonramos,1
JoaoManoel,1
shardool,1
claudioquaglia,1
kyleladd,1
xxryan1234,1
nicholasess,1
sbuys,1
JuanCrg90,1
DarkScorpion,1
andrevvalle,1
piecioshka,1
okize,1
VovikeMS,1
ManasaKotra,1
brunodles,1
lnickers2004,1
Salihan04,1
normful,1
GBGuinan,1
brownman,1
matteocrippa,1
duivvv,1
peterlnguyen,1
HTMLrat,1
ChunHungLiu,1
KevinLaRosa,1
ajduke,1
coalman,1
marg51,1
hegdeashwin,1
trabus,1
Melros,1
aj34,1
joeoravec,1
jagreehal,1
anasnakawa,1
mundizzle,1
devfacet,1
xala3pa,1
lnsoso,1
geekodour,1
Srijancse,1
Movsun,1
vinhsu,1
code4aman,1
kinozenc,1
orliesaurus,1
iancrowther,1
antonshevyrin,1
Makeshan,1
theatrekid09,1
